ID,NO,AREA,CATEGORY,STATUS
6519,XF2B001,41,12,未锁定
6520,XF2B002,41,12,未锁定
6521,XF2B003,41,12,锁定
6522,XF2B004,41,12,锁定
6523,XF2B005,41,12,未锁定
6524,XF2B006,41,12,未锁定
6525,XF2B007,41,12,锁定
6526,XF2B008,41,12,锁定
6527,XF2B009,41,12,未锁定
6528,XF2B010,41,12,未锁定
6529,XF2B011,41,12,锁定
6530,XF2B012,41,12,锁定
6531,XF2B013,41,12,未锁定
6532,XF2B014,41,12,未锁定
6533,XF2B015,41,12,锁定
6534,XF2B016,41,12,锁定
6535,XF2B017,41,12,未锁定
6536,XF2B018,41,12,未锁定
6537,XF2B019,41,12,锁定
6538,XF2B020,41,12,锁定
6539,XF2B021,41,12,未锁定
6540,XF2B022,41,12,未锁定
6541,XF2B023,41,12,锁定
6542,XF2B024,41,12,锁定
6543,XF2B025,41,12,未锁定
6544,XF2B026,41,12,未锁定
6545,XF2B027,41,12,锁定
6546,XF2B028,41,12,锁定
6547,XF2B029,41,12,未锁定
6548,XF2B030,41,12,未锁定
6549,XF2B031,41,12,锁定
6550,XF2B032,41,12,锁定
6551,XF2B033,41,12,未锁定
6552,XF2B034,41,12,未锁定
6553,XF2B035,41,12,锁定
6554,XF2B036,41,12,锁定
6555,XF2C001,42,12,未锁定
6556,XF2C002,42,12,未锁定
6557,XF2C003,42,12,锁定
6558,XF2C004,42,12,锁定
6559,XF2C005,42,12,未锁定
6560,XF2C006,42,12,未锁定
6561,XF2C007,42,12,锁定
6562,XF2C008,42,12,锁定
6563,XF2C009,42,12,未锁定
6564,XF2C010,42,12,未锁定
6565,XF2C011,42,12,锁定
6566,XF2C012,42,12,锁定
6567,XF2C013,42,12,未锁定
6568,XF2C014,42,12,未锁定
6569,XF2C015,42,12,锁定
6570,XF2C016,42,12,锁定
6571,XF2C017,42,12,未锁定
6572,XF2C018,42,12,未锁定
6573,XF2C019,42,12,锁定
6574,XF2C020,42,12,锁定
6575,XF2C021,42,12,未锁定
6576,XF2C022,42,12,未锁定
6577,XF2C023,42,12,锁定
6578,XF2C024,42,12,锁定
6579,XF2C025,42,12,未锁定
6580,XF2C026,42,12,未锁定
6581,XF2C027,42,12,锁定
6582,XF2C028,42,12,锁定
6583,XF2C029,42,12,未锁定
6584,XF2C030,42,12,未锁定
6585,XF2C031,42,12,锁定
6586,XF2C032,42,12,锁定
6587,XF2A001,43,12,未锁定
6588,XF2A002,43,12,未锁定
6589,XF2A003,43,12,未锁定
6590,XF2A004,43,12,未锁定
6591,XF2A005,43,12,未锁定
6592,XF2A006,43,12,未锁定
6593,XF2A007,43,12,锁定
6594,XF2A008,43,12,锁定
6595,XF2A009,43,12,锁定
6596,XF2A010,43,12,锁定
6597,XF2A011,43,12,锁定
6598,XF2A012,43,12,锁定
6599,XF2A013,43,12,未锁定
6600,XF2A014,43,12,未锁定
6601,XF2A015,43,12,未锁定
6602,XF2A016,43,12,未锁定
6603,XF2A017,43,12,未锁定
6604,XF2A018,43,12,未锁定
6605,XF2A019,43,12,锁定
6606,XF2A020,43,12,锁定
6607,XF2A021,43,12,锁定
6608,XF2A022,43,12,锁定
6609,XF2A023,43,12,锁定
6610,XF2A024,43,12,锁定
6611,XF2A025,43,12,未锁定
6612,XF2A026,43,12,未锁定
6613,XF2A027,43,12,未锁定
6614,XF2A028,43,12,未锁定
6615,XF2A029,43,12,未锁定
6616,XF2A030,43,12,未锁定
6617,XF2A031,43,12,锁定
6618,XF2A032,43,12,锁定
6619,XF2A033,43,12,锁定
6620,XF2A034,43,12,锁定
6621,XF2A035,43,12,锁定
6622,XF2A036,43,12,锁定
6623,XF2A037,43,12,未锁定
6624,XF2A038,43,12,未锁定
6625,XF2A039,43,12,未锁定
6626,XF2A040,43,12,未锁定
6627,XF2A041,43,12,未锁定
6628,XF2A042,43,12,未锁定
6629,XF2A043,43,12,锁定
6630,XF2A044,43,12,锁定
6631,XF2A045,43,12,锁定
6632,XF2A046,43,12,锁定
6633,XF2A047,43,12,锁定
6634,XF2A048,43,12,锁定
6635,XF2A049,43,12,未锁定
6636,XF2A050,43,12,未锁定
6637,XF2A051,43,12,未锁定
6638,XF2A052,43,12,未锁定
6639,XF2A053,43,12,未锁定
6640,XF2A054,43,12,未锁定
6641,XF2A055,43,12,锁定
6642,XF2A056,43,12,锁定
6643,XF2A057,43,12,锁定
6644,XF2A058,43,12,锁定
6645,XF2A059,43,12,锁定
6646,XF2A060,43,12,锁定
6647,XF2A061,43,12,未锁定
6648,XF2A062,43,12,未锁定
6649,XF2A063,43,12,未锁定
6650,XF2A064,43,12,未锁定
6651,XF2A065,43,12,未锁定
6652,XF2A066,43,12,未锁定
6653,XF2A067,43,12,锁定
6654,XF2A068,43,12,锁定
6655,XF2A069,43,12,锁定
6656,XF2A070,43,12,锁定
6657,XF2A071,43,12,锁定
6658,XF2A072,43,12,锁定
6659,XF2A073,43,12,未锁定
6660,XF2A074,43,12,未锁定
6661,XF2A075,43,12,未锁定
6662,XF2A076,43,12,未锁定
6663,XF2A077,43,12,未锁定
6664,XF2A078,43,12,未锁定
6665,XF2A079,43,12,锁定
6666,XF2A080,43,12,锁定
6667,XF2A081,43,12,锁定
6668,XF2A082,43,12,锁定
6669,XF2A083,43,12,锁定
6670,XF2A084,43,12,锁定
6671,XF2A085,43,12,未锁定
6672,XF2A086,43,12,未锁定
6673,XF2A087,43,12,未锁定
6674,XF2A088,43,12,未锁定
6675,XF2A089,43,12,未锁定
6676,XF2A090,43,12,未锁定
6677,XF2A091,43,12,锁定
6678,XF2A092,43,12,锁定
6679,XF2A093,43,12,锁定
6680,XF2A094,43,12,锁定
6681,XF2A095,43,12,锁定
6682,XF2A096,43,12,锁定
6683,XF2A097,43,12,未锁定
6684,XF2A098,43,12,未锁定
6685,XF2A099,43,12,未锁定
6686,XF2A100,43,12,未锁定
6687,XF2A101,43,12,未锁定
6688,XF2A102,43,12,未锁定
6689,XF2A103,43,12,锁定
6690,XF2A104,43,12,锁定
6691,XF2A105,43,12,锁定
6692,XF2A106,43,12,锁定
6693,XF2A107,43,12,锁定
6694,XF2A108,43,12,锁定
6695,XF2A109,43,12,未锁定
6696,XF2A110,43,12,未锁定
6697,XF2A111,43,12,未锁定
6698,XF2A112,43,12,未锁定
6699,XF2A113,43,12,未锁定
6700,XF2A114,43,12,未锁定
6701,XF2A115,43,12,锁定
6702,XF2A116,43,12,锁定
6703,XF2A117,43,12,锁定
6704,XF2A118,43,12,锁定
6705,XF2A119,43,12,锁定
6706,XF2A120,43,12,锁定
6707,XF3B001,44,12,未锁定
6708,XF3B002,44,12,未锁定
6709,XF3B003,44,12,锁定
6710,XF3B004,44,12,锁定
6711,XF3B005,44,12,未锁定
6712,XF3B006,44,12,未锁定
6713,XF3B007,44,12,锁定
6714,XF3B008,44,12,锁定
6715,XF3B009,44,12,未锁定
6716,XF3B010,44,12,未锁定
6717,XF3B011,44,12,锁定
6718,XF3B012,44,12,锁定
6719,XF3B013,44,12,未锁定
6720,XF3B014,44,12,未锁定
6721,XF3B015,44,12,锁定
6722,XF3B016,44,12,锁定
6723,XF3B017,44,12,未锁定
6724,XF3B018,44,12,未锁定
6725,XF3B019,44,12,锁定
6726,XF3B020,44,12,锁定
6727,XF3B021,44,12,未锁定
6728,XF3B022,44,12,未锁定
6729,XF3B023,44,12,锁定
6730,XF3B024,44,12,锁定
6731,XF3B025,44,12,未锁定
6732,XF3B026,44,12,锁定
6733,XF3B027,44,12,锁定
6734,XF3B028,44,12,锁定
6735,XF3B029,44,12,未锁定
6736,XF3B030,44,12,未锁定
6737,XF3B031,44,12,锁定
6738,XF3B032,44,12,锁定
6739,XF3B033,44,12,未锁定
6740,XF3B034,44,12,未锁定
6741,XF3B035,44,12,锁定
6742,XF3B036,44,12,锁定
6743,XF3B037,44,12,未锁定
6744,XF3B038,44,12,未锁定
6745,XF3B039,44,12,锁定
6746,XF3B040,44,12,锁定
6747,XF3B041,44,12,未锁定
6748,XF3B042,44,12,未锁定
6749,XF3B043,44,12,锁定
6750,XF3B044,44,12,锁定
6751,XF3C001,45,12,未锁定
6752,XF3C002,45,12,未锁定
6753,XF3C003,45,12,未锁定
6754,XF3C004,45,12,未锁定
6755,XF3C005,45,12,未锁定
6756,XF3C006,45,12,未锁定
6757,XF3C007,45,12,未锁定
6758,XF3C008,45,12,未锁定
6759,XF3C009,45,12,未锁定
6760,XF3C010,45,12,锁定
6761,XF3C011,45,12,锁定
6762,XF3C012,45,12,锁定
6763,XF3C013,45,12,锁定
6764,XF3C014,45,12,锁定
6765,XF3C015,45,12,锁定
6766,XF3C016,45,12,锁定
6767,XF3C017,45,12,锁定
6768,XF3C018,45,12,锁定
6769,XF3D001,46,12,锁定
6770,XF3D002,46,12,锁定
6771,XF3D003,46,12,锁定
6772,XF3D004,46,12,锁定
6773,XF3D005,46,12,锁定
6774,XF3D006,46,12,锁定
6775,XF3D007,46,12,未锁定
6776,XF3D008,46,12,未锁定
6777,XF3D009,46,12,未锁定
6778,XF3D010,46,12,未锁定
6779,XF3D011,46,12,未锁定
6780,XF3D012,46,12,未锁定
6781,XF3D013,46,12,锁定
6782,XF3D014,46,12,锁定
6783,XF3D015,46,12,锁定
6784,XF3D016,46,12,锁定
6785,XF3D017,46,12,锁定
6786,XF3D018,46,12,锁定
6787,XF3D019,46,12,未锁定
6788,XF3D020,46,12,未锁定
6789,XF3D021,46,12,未锁定
6790,XF3D022,46,12,未锁定
6791,XF3D023,46,12,未锁定
6792,XF3D024,46,12,未锁定
6793,XF3D025,46,12,锁定
6794,XF3D026,46,12,锁定
6795,XF3D027,46,12,锁定
6796,XF3D028,46,12,锁定
6797,XF3D029,46,12,锁定
6798,XF3D030,46,12,锁定
6799,XF3D031,46,12,未锁定
6800,XF3D032,46,12,未锁定
6801,XF3D033,46,12,未锁定
6802,XF3D034,46,12,未锁定
6803,XF3D035,46,12,未锁定
6804,XF3D036,46,12,未锁定
6805,XF3D037,46,12,锁定
6806,XF3D038,46,12,锁定
6807,XF3D039,46,12,锁定
6808,XF3D040,46,12,锁定
6809,XF3D041,46,12,锁定
6810,XF3D042,46,12,锁定
6811,XF3D043,46,12,未锁定
6812,XF3D044,46,12,未锁定
6813,XF3D045,46,12,未锁定
6814,XF3D046,46,12,未锁定
6815,XF3D047,46,12,未锁定
6816,XF3D048,46,12,未锁定
6817,XF3D049,46,12,锁定
6818,XF3D050,46,12,锁定
6819,XF3D051,46,12,锁定
6820,XF3D052,46,12,锁定
6821,XF3D053,46,12,锁定
6822,XF3D054,46,12,锁定
6823,XF3D055,46,12,未锁定
6824,XF3D056,46,12,未锁定
6825,XF3D057,46,12,未锁定
6826,XF3D058,46,12,未锁定
6827,XF3D059,46,12,未锁定
6828,XF3D060,46,12,未锁定
6829,XF3D061,46,12,锁定
6830,XF3D062,46,12,锁定
6831,XF3D063,46,12,锁定
6832,XF3D064,46,12,锁定
6833,XF3D065,46,12,锁定
6834,XF3D066,46,12,锁定
6835,XF3D067,46,12,未锁定
6836,XF3D068,46,12,未锁定
6837,XF3D069,46,12,未锁定
6838,XF3D070,46,12,未锁定
6839,XF3D071,46,12,未锁定
6840,XF3D072,46,12,未锁定
6841,XF3D073,46,12,锁定
6842,XF3D074,46,12,锁定
6843,XF3D075,46,12,锁定
6844,XF3D076,46,12,锁定
6845,XF3D077,46,12,锁定
6846,XF3D078,46,12,锁定
6847,XF3D079,46,12,未锁定
6848,XF3D080,46,12,未锁定
6849,XF3D081,46,12,未锁定
6850,XF3D082,46,12,未锁定
6851,XF3D083,46,12,未锁定
6852,XF3D084,46,12,未锁定
6853,XF3D085,46,12,锁定
6854,XF3D086,46,12,锁定
6855,XF3D087,46,12,锁定
6856,XF3D088,46,12,锁定
6857,XF3D089,46,12,未锁定
6858,XF3D090,46,12,未锁定
6859,XF3D091,46,12,未锁定
6860,XF3D092,46,12,未锁定
6861,XF3D093,46,12,锁定
6862,XF3D094,46,12,锁定
6863,XF3D095,46,12,锁定
6864,XF3D096,46,12,锁定
6865,XF3D097,46,12,未锁定
6866,XF3D098,46,12,未锁定
6867,XF3D099,46,12,未锁定
6868,XF3D100,46,12,未锁定
6869,XF3D101,46,12,锁定
6870,XF3D102,46,12,锁定
6871,XF3D103,46,12,锁定
6872,XF3D104,46,12,锁定
6873,XF3D105,46,12,未锁定
6874,XF3D106,46,12,未锁定
6875,XF3D107,46,12,未锁定
6876,XF3D108,46,12,未锁定
6877,XF3D109,46,12,锁定
6878,XF3D110,46,12,锁定
6879,XF3D111,46,12,未锁定
6880,XF3D112,46,12,未锁定
6881,XF3D113,46,12,锁定
6882,XF3D114,46,12,锁定
6883,XF3D115,46,12,锁定
6884,XF3D116,46,12,锁定
6885,XF3D117,46,12,未锁定
6886,XF3D118,46,12,未锁定
6887,XF3D119,46,12,未锁定
6888,XF3D120,46,12,未锁定
6889,XF3D121,46,12,锁定
6890,XF3D122,46,12,锁定
6891,XF3D123,46,12,锁定
6892,XF3D124,46,12,锁定
6893,XF3D125,46,12,未锁定
6894,XF3D126,46,12,未锁定
6895,XF3D127,46,12,未锁定
6896,XF3D128,46,12,未锁定
6897,XF3D129,46,12,锁定
6898,XF3D130,46,12,锁定
6899,XF3D131,46,12,锁定
6900,XF3D132,46,12,锁定
6901,XF3D133,46,12,未锁定
6902,XF3D134,46,12,未锁定
6903,XF3D135,46,12,未锁定
6904,XF3D136,46,12,未锁定
6905,XF3E001,47,12,锁定
6906,XF3E002,47,12,锁定
6907,XF3E003,47,12,锁定
6908,XF3E004,47,12,锁定
6909,XF3E005,47,12,锁定
6910,XF3E006,47,12,锁定
6911,XF3E007,47,12,未锁定
6912,XF3E008,47,12,未锁定
6913,XF3E009,47,12,未锁定
6914,XF3E010,47,12,未锁定
6915,XF3E011,47,12,未锁定
6916,XF3E012,47,12,未锁定
6917,XF3E013,47,12,锁定
6918,XF3E014,47,12,锁定
6919,XF3E015,47,12,锁定
6920,XF3E016,47,12,锁定
6921,XF3E017,47,12,锁定
6922,XF3E018,47,12,锁定
6923,XF3E019,47,12,未锁定
6924,XF3E020,47,12,未锁定
6925,XF3E021,47,12,未锁定
6926,XF3E022,47,12,未锁定
6927,XF3E023,47,12,未锁定
6928,XF3E024,47,12,未锁定
6929,XF3E025,47,12,锁定
6930,XF3E026,47,12,锁定
6931,XF3E027,47,12,锁定
6932,XF3E028,47,12,锁定
6933,XF3E029,47,12,锁定
6934,XF3E030,47,12,锁定
6935,XF3E031,47,12,未锁定
6936,XF3E032,47,12,未锁定
6937,XF3E033,47,12,未锁定
6938,XF3E034,47,12,未锁定
6939,XF3E035,47,12,未锁定
6940,XF3E036,47,12,未锁定
6941,XF3E037,47,12,锁定
6942,XF3E038,47,12,锁定
6943,XF3E039,47,12,未锁定
6944,XF3E040,47,12,未锁定
6945,XF3E041,47,12,锁定
6946,XF3E042,47,12,锁定
6947,XF3E043,47,12,未锁定
6948,XF3E044,47,12,未锁定
6949,XF3E045,47,12,锁定
6950,XF3E046,47,12,锁定
6951,XF3E047,47,12,锁定
6952,XF3E048,47,12,锁定
6953,XF3E049,47,12,锁定
6954,XF3E050,47,12,锁定
6955,XF3E051,47,12,未锁定
6956,XF3E052,47,12,未锁定
6957,XF3E053,47,12,未锁定
6958,XF3E054,47,12,未锁定
6959,XF3E055,47,12,未锁定
6960,XF3E056,47,12,未锁定
6961,XF3E057,47,12,锁定
6962,XF3E058,47,12,锁定
6963,XF3E059,47,12,锁定
6964,XF3E060,47,12,锁定
6965,XF3E061,47,12,锁定
6966,XF3E062,47,12,锁定
6967,XF3E063,47,12,未锁定
6968,XF3E064,47,12,未锁定
6969,XF3E065,47,12,未锁定
6970,XF3E066,47,12,未锁定
6971,XF3E067,47,12,未锁定
6972,XF3E068,47,12,未锁定
6973,XF3E069,47,12,锁定
6974,XF3E070,47,12,锁定
6975,XF3E071,47,12,锁定
6976,XF3E072,47,12,锁定
6977,XF3E073,47,12,锁定
6978,XF3E074,47,12,锁定
6979,XF3E075,47,12,未锁定
6980,XF3E076,47,12,未锁定
6981,XF3E077,47,12,未锁定
6982,XF3E078,47,12,未锁定
6983,XF3E079,47,12,未锁定
6984,XF3E080,47,12,未锁定
6985,XF3E081,47,12,锁定
6986,XF3E082,47,12,锁定
6987,XF3E083,47,12,锁定
6988,XF3E084,47,12,锁定
6989,XF3E085,47,12,未锁定
6990,XF3E086,47,12,未锁定
6991,XF3E087,47,12,未锁定
6992,XF3E088,47,12,未锁定
6993,XF3E089,47,12,锁定
6994,XF3E090,47,12,锁定
6995,XF3E091,47,12,锁定
6996,XF3E092,47,12,锁定
6997,XF3E093,47,12,未锁定
6998,XF3E094,47,12,未锁定
6999,XF3E095,47,12,未锁定
7000,XF3E096,47,12,未锁定
7001,XF3E097,47,12,锁定
7002,XF3E098,47,12,锁定
7003,XF3E099,47,12,锁定
7004,XF3E100,47,12,锁定
7005,XF3E101,47,12,未锁定
7006,XF3E102,47,12,未锁定
7007,XF3E103,47,12,未锁定
7008,XF3E104,47,12,未锁定
7009,XF3E105,47,12,锁定
7010,XF3E106,47,12,锁定
7011,XF3E107,47,12,锁定
7012,XF3E108,47,12,锁定
7013,XF3E109,47,12,未锁定
7014,XF3E110,47,12,未锁定
7015,XF3E111,47,12,未锁定
7016,XF3E112,47,12,未锁定
7017,XF3E113,47,12,锁定
7018,XF3E114,47,12,锁定
7019,XF3E115,47,12,锁定
7020,XF3E116,47,12,锁定
7021,XF3E117,47,12,未锁定
7022,XF3E118,47,12,未锁定
7023,XF3E119,47,12,未锁定
7024,XF3E120,47,12,未锁定
7025,XF3E121,47,12,锁定
7026,XF3E122,47,12,锁定
7027,XF3E123,47,12,锁定
7028,XF3E124,47,12,锁定
7029,XF3E125,47,12,未锁定
7030,XF3E126,47,12,未锁定
7031,XF3E127,47,12,未锁定
7032,XF3E128,47,12,未锁定
7033,XF3E129,47,12,锁定
7034,XF3E130,47,12,锁定
7035,XF3E131,47,12,锁定
7036,XF3E132,47,12,锁定
7037,XF3E133,47,12,未锁定
7038,XF3E134,47,12,未锁定
7039,XF3E135,47,12,未锁定
7040,XF3E136,47,12,未锁定
7041,XF3A001,48,12,锁定
7042,XF3A002,48,12,锁定
7043,XF3A003,48,12,锁定
7044,XF3A004,48,12,锁定
7045,XF3A005,48,12,锁定
7046,XF3A006,48,12,锁定
7047,XF3A007,48,12,锁定
7048,XF3A008,48,12,锁定
7049,XF3A009,48,12,未锁定
7050,XF3A010,48,12,未锁定
7051,XF3A011,48,12,未锁定
7052,XF3A012,48,12,未锁定
7053,XF3A013,48,12,未锁定
7054,XF3A014,48,12,未锁定
7055,XF3A015,48,12,未锁定
7056,XF3A016,48,12,未锁定
7057,XF3A017,48,12,锁定
7058,XF3A018,48,12,锁定
7059,XF3A019,48,12,锁定
7060,XF3A020,48,12,锁定
7061,XF3A021,48,12,锁定
7062,XF3A022,48,12,锁定
7063,XF3A023,48,12,锁定
7064,XF3A024,48,12,锁定
7065,XF3A025,48,12,未锁定
7066,XF3A026,48,12,未锁定
7067,XF3A027,48,12,未锁定
7068,XF3A028,48,12,未锁定
7069,XF3A029,48,12,未锁定
7070,XF3A030,48,12,未锁定
7071,XF3A031,48,12,未锁定
7072,XF3A032,48,12,未锁定
7073,XF3A033,48,12,锁定
7074,XF3A034,48,12,锁定
7075,XF3A035,48,12,锁定
7076,XF3A036,48,12,锁定
7077,XF3A037,48,12,锁定
7078,XF3A038,48,12,锁定
7079,XF3A039,48,12,锁定
7080,XF3A040,48,12,锁定
7081,XF3A041,48,12,未锁定
7082,XF3A042,48,12,未锁定
7083,XF3A043,48,12,未锁定
7084,XF3A044,48,12,未锁定
7085,XF3A045,48,12,未锁定
7086,XF3A046,48,12,未锁定
7087,XF3A047,48,12,未锁定
7088,XF3A048,48,12,未锁定
7089,XF3A049,48,12,锁定
7090,XF3A050,48,12,锁定
7091,XF3A051,48,12,锁定
7092,XF3A052,48,12,锁定
7093,XF3A053,48,12,锁定
7094,XF3A054,48,12,锁定
7095,XF3A055,48,12,未锁定
7096,XF3A056,48,12,未锁定
7097,XF3A057,48,12,未锁定
7098,XF3A058,48,12,未锁定
7099,XF3A059,48,12,未锁定
7100,XF3A060,48,12,未锁定
7101,XF3A061,48,12,锁定
7102,XF3A062,48,12,锁定
7103,XF3A063,48,12,锁定
7104,XF3A064,48,12,锁定
7105,XF3A065,48,12,锁定
7106,XF3A066,48,12,锁定
7107,XF3A067,48,12,锁定
7108,XF3A068,48,12,锁定
7109,XF3A069,48,12,未锁定
7110,XF3A070,48,12,未锁定
7111,XF3A071,48,12,未锁定
7112,XF3A072,48,12,未锁定
7113,XF3A073,48,12,未锁定
7114,XF3A074,48,12,未锁定
7115,XF3A075,48,12,未锁定
7116,XF3A076,48,12,未锁定
7117,XF3A077,48,12,锁定
7118,XF3A078,48,12,锁定
7119,XF3A079,48,12,锁定
7120,XF3A080,48,12,锁定
7121,XF3A081,48,12,锁定
7122,XF3A082,48,12,锁定
7123,XF3A083,48,12,锁定
7124,XF3A084,48,12,锁定
7125,XF3A085,48,12,未锁定
7126,XF3A086,48,12,未锁定
7127,XF3A087,48,12,未锁定
7128,XF3A088,48,12,未锁定
7129,XF3A089,48,12,未锁定
7130,XF3A090,48,12,未锁定
7131,XF3A091,48,12,未锁定
7132,XF3A092,48,12,未锁定
7133,XF3A093,48,12,锁定
7134,XF3A094,48,12,锁定
7135,XF3A095,48,12,锁定
7136,XF3A096,48,12,锁定
7137,XF3A097,48,12,锁定
7138,XF3A098,48,12,锁定
7139,XF3A099,48,12,锁定
7140,XF3A100,48,12,锁定
7141,XF3A101,48,12,锁定
7142,XF3A102,48,12,锁定
7143,XF3A103,48,12,锁定
7144,XF3A104,48,12,锁定
7145,XF3A105,48,12,锁定
7146,XF3A106,48,12,锁定
7147,XF3A107,48,12,锁定
7148,XF3A108,48,12,锁定
7149,XF3A109,48,12,锁定
7150,XF3A110,48,12,锁定
7151,XF3A111,48,12,锁定
7152,XF3A112,48,12,锁定
7153,XF3A113,48,12,锁定
7154,XF3A114,48,12,锁定
7155,XF3A115,48,12,未锁定
7156,XF3A116,48,12,未锁定
7157,XF3A117,48,12,未锁定
7158,XF3A118,48,12,未锁定
7159,XF3A119,48,12,未锁定
7160,XF3A120,48,12,未锁定
7161,XF3A121,48,12,锁定
7162,XF3A122,48,12,锁定
7163,XF3A123,48,12,锁定
7164,XF3A124,48,12,锁定
7165,XF3A125,48,12,锁定
7166,XF3A126,48,12,锁定
7167,XF3A127,48,12,锁定
7168,XF3A128,48,12,锁定
7169,XF3A129,48,12,未锁定
7170,XF3A130,48,12,未锁定
7171,XF3A131,48,12,未锁定
7172,XF3A132,48,12,未锁定
7173,XF3A133,48,12,未锁定
7174,XF3A134,48,12,未锁定
7175,XF3A135,48,12,未锁定
7176,XF3A136,48,12,未锁定
7177,XF3A137,48,12,锁定
7178,XF3A138,48,12,锁定
7179,XF3A139,48,12,锁定
7180,XF3A140,48,12,锁定
7181,XF3A141,48,12,锁定
7182,XF3A142,48,12,锁定
7183,XF3A143,48,12,锁定
7184,XF3A144,48,12,锁定
7185,XF3A145,48,12,未锁定
7186,XF3A146,48,12,未锁定
7187,XF3A147,48,12,未锁定
7188,XF3A148,48,12,未锁定
7189,XF3A149,48,12,未锁定
7190,XF3A150,48,12,未锁定
7191,XF3A151,48,12,未锁定
7192,XF3A152,48,12,未锁定
7193,XF3A153,48,12,锁定
7194,XF3A154,48,12,锁定
7195,XF3A155,48,12,锁定
7196,XF3A156,48,12,锁定
7197,XF3A157,48,12,锁定
7198,XF3A158,48,12,锁定
7199,XF3A159,48,12,锁定
7200,XF3A160,48,12,锁定
7201,XF3A161,48,12,未锁定
7202,XF3A162,48,12,未锁定
7203,XF3A163,48,12,未锁定
7204,XF3A164,48,12,未锁定
7205,XF3A165,48,12,未锁定
7206,XF3A166,48,12,未锁定
7207,XF3A167,48,12,未锁定
7208,XF3A168,48,12,未锁定
7209,XF4B001,49,12,锁定
7210,XF4B002,49,12,未锁定
7211,XF4B003,49,12,未锁定
7212,XF4B004,49,12,锁定
7213,XF4B005,49,12,未锁定
7214,XF4B006,49,12,锁定
7215,XF4B007,49,12,锁定
7216,XF4B008,49,12,未锁定
7217,XF4B009,49,12,未锁定
7218,XF4B010,49,12,锁定
7219,XF4B011,49,12,锁定
7220,XF4B012,49,12,未锁定
7221,XF4B013,49,12,未锁定
7222,XF4B014,49,12,锁定
7223,XF4B015,49,12,锁定
7224,XF4B016,49,12,未锁定
7225,XF4B017,49,12,锁定
7226,XF4B018,49,12,未锁定
7227,XF4B019,49,12,未锁定
7228,XF4B020,49,12,锁定
7229,XF4B021,49,12,锁定
7230,XF4B022,49,12,未锁定
7231,XF4B023,49,12,未锁定
7232,XF4B024,49,12,锁定
7233,XF4B025,49,12,锁定
7234,XF4B026,49,12,未锁定
7235,XF4B027,49,12,未锁定
7236,XF4B028,49,12,锁定
7237,XF4B029,49,12,锁定
7238,XF4B030,49,12,未锁定
7239,XF4B031,49,12,未锁定
7240,XF4B032,49,12,锁定
7241,XF4B033,49,12,未锁定
7242,XF4B034,49,12,锁定
7243,XF4B035,49,12,锁定
7244,XF4B036,49,12,未锁定
7245,XF4B037,49,12,锁定
7246,XF4B038,49,12,未锁定
7247,XF4B039,49,12,未锁定
7248,XF4B040,49,12,锁定
7249,XF4B041,49,12,锁定
7250,XF4B042,49,12,未锁定
7251,XF4B043,49,12,未锁定
7252,XF4B044,49,12,锁定
7253,XF4C001,50,12,锁定
7254,XF4C002,50,12,锁定
7255,XF4C003,50,12,锁定
7256,XF4C004,50,12,锁定
7257,XF4C005,50,12,锁定
7258,XF4C006,50,12,锁定
7259,XF4C007,50,12,锁定
7260,XF4C008,50,12,锁定
7261,XF4C009,50,12,锁定
7262,XF4C010,50,12,未锁定
7263,XF4C011,50,12,未锁定
7264,XF4C012,50,12,未锁定
7265,XF4C013,50,12,未锁定
7266,XF4C014,50,12,未锁定
7267,XF4C015,50,12,未锁定
7268,XF4C016,50,12,未锁定
7269,XF4C017,50,12,未锁定
7270,XF4C018,50,12,未锁定
8894,XF4D001,51,12,未锁定
8895,XF4D002,51,12,未锁定
8896,XF4D003,51,12,未锁定
8897,XF4D004,51,12,未锁定
8898,XF4D005,51,12,未锁定
8899,XF4D006,51,12,未锁定
8900,XF4D007,51,12,未锁定
8901,XF4D008,51,12,未锁定
8902,XF4D009,51,12,未锁定
8903,XF4D010,51,12,未锁定
8904,XF4D011,51,12,锁定
8905,XF4D012,51,12,锁定
8906,XF4D013,51,12,锁定
8907,XF4D014,51,12,锁定
8908,XF4D015,51,12,锁定
8909,XF4D016,51,12,锁定
8910,XF4D017,51,12,锁定
8911,XF4D018,51,12,锁定
8912,XF4D019,51,12,锁定
8913,XF4D020,51,12,锁定
8914,XF4D021,51,12,未锁定
8915,XF4D022,51,12,未锁定
8916,XF4D023,51,12,未锁定
8917,XF4D024,51,12,未锁定
8918,XF4D025,51,12,未锁定
8919,XF4D026,51,12,未锁定
8920,XF4D027,51,12,未锁定
8921,XF4D028,51,12,未锁定
8922,XF4D029,51,12,未锁定
8923,XF4D030,51,12,未锁定
8924,XF4D031,51,12,锁定
8925,XF4D032,51,12,锁定
8926,XF4D033,51,12,锁定
8927,XF4D034,51,12,锁定
8928,XF4D035,51,12,锁定
8929,XF4D036,51,12,锁定
8930,XF4D037,51,12,锁定
8931,XF4D038,51,12,锁定
8932,XF4D039,51,12,锁定
8933,XF4D040,51,12,锁定
8934,XF4D041,51,12,未锁定
8935,XF4D042,51,12,未锁定
8936,XF4D043,51,12,未锁定
8937,XF4D044,51,12,未锁定
8938,XF4D045,51,12,未锁定
8939,XF4D046,51,12,未锁定
8940,XF4D047,51,12,未锁定
8941,XF4D048,51,12,未锁定
8942,XF4D049,51,12,未锁定
8943,XF4D050,51,12,未锁定
8944,XF4D051,51,12,锁定
8945,XF4D052,51,12,锁定
8946,XF4D053,51,12,锁定
8947,XF4D054,51,12,锁定
8948,XF4D055,51,12,锁定
8949,XF4D056,51,12,锁定
8950,XF4D057,51,12,锁定
8951,XF4D058,51,12,锁定
8952,XF4D059,51,12,锁定
8953,XF4D060,51,12,锁定
8954,XF4D061,51,12,未锁定
8955,XF4D062,51,12,未锁定
8956,XF4D063,51,12,锁定
8957,XF4D064,51,12,锁定
8958,XF4D065,51,12,未锁定
8959,XF4D066,51,12,未锁定
8960,XF4D067,51,12,未锁定
8961,XF4D068,51,12,未锁定
8962,XF4D069,51,12,锁定
8963,XF4D070,51,12,锁定
8964,XF4D071,51,12,锁定
8965,XF4D072,51,12,锁定
8966,XF4D073,51,12,锁定
8967,XF4D074,51,12,锁定
8968,XF4D075,51,12,锁定
8969,XF4D076,51,12,锁定
8970,XF4D077,51,12,未锁定
8971,XF4D078,51,12,未锁定
8972,XF4D079,51,12,未锁定
8973,XF4D080,51,12,未锁定
8974,XF4D081,51,12,未锁定
8975,XF4D082,51,12,未锁定
8976,XF4D083,51,12,未锁定
8977,XF4D084,51,12,未锁定
8978,XF4D085,51,12,未锁定
8979,XF4D086,51,12,未锁定
8980,XF4D087,51,12,锁定
8981,XF4D088,51,12,锁定
8982,XF4D089,51,12,锁定
8983,XF4D090,51,12,锁定
8984,XF4D091,51,12,锁定
8985,XF4D092,51,12,锁定
8986,XF4D093,51,12,锁定
8987,XF4D094,51,12,锁定
8988,XF4D095,51,12,锁定
8989,XF4D096,51,12,锁定
8990,XF4D097,51,12,未锁定
8991,XF4D098,51,12,未锁定
8992,XF4D099,51,12,未锁定
8993,XF4D100,51,12,未锁定
8994,XF4D101,51,12,未锁定
8995,XF4D102,51,12,未锁定
8996,XF4D103,51,12,未锁定
8997,XF4D104,51,12,未锁定
8998,XF4D105,51,12,未锁定
8999,XF4D106,51,12,未锁定
9000,XF4D107,51,12,锁定
9001,XF4D108,51,12,锁定
9002,XF4D109,51,12,锁定
9003,XF4D110,51,12,锁定
9004,XF4D111,51,12,锁定
9005,XF4D112,51,12,锁定
9006,XF4D113,51,12,锁定
9007,XF4D114,51,12,锁定
9008,XF4D115,51,12,锁定
9009,XF4D116,51,12,锁定
9010,XF4D117,51,12,未锁定
9011,XF4D118,51,12,未锁定
9012,XF4D119,51,12,未锁定
9013,XF4D120,51,12,未锁定
9014,XF4D121,51,12,未锁定
9015,XF4D122,51,12,未锁定
9016,XF4D123,51,12,未锁定
9017,XF4D124,51,12,未锁定
9018,XF4D125,51,12,未锁定
9019,XF4D126,51,12,未锁定
9020,XF4D127,51,12,锁定
9021,XF4D128,51,12,锁定
9022,XF4D129,51,12,锁定
9023,XF4D130,51,12,锁定
9024,XF4D131,51,12,锁定
9025,XF4D132,51,12,锁定
9026,XF4D133,51,12,锁定
9027,XF4D134,51,12,锁定
9028,XF4D135,51,12,锁定
9029,XF4D136,51,12,锁定
7407,XF4F001,52,12,未锁定
7408,XF4F002,52,12,未锁定
7409,XF4F003,52,12,未锁定
7410,XF4F004,52,12,未锁定
7411,XF4F005,52,12,未锁定
7412,XF4F006,52,12,未锁定
7413,XF4F007,52,12,未锁定
7414,XF4F008,52,12,未锁定
7415,XF4F009,52,12,未锁定
7416,XF4F010,52,12,未锁定
9030,XF4E001,53,12,锁定
9031,XF4E002,53,12,锁定
9032,XF4E003,53,12,锁定
9033,XF4E004,53,12,锁定
9034,XF4E005,53,12,锁定
9035,XF4E006,53,12,锁定
9036,XF4E007,53,12,锁定
9037,XF4E008,53,12,锁定
9038,XF4E009,53,12,锁定
9039,XF4E010,53,12,锁定
9040,XF4E011,53,12,未锁定
9041,XF4E012,53,12,未锁定
9042,XF4E013,53,12,未锁定
9043,XF4E014,53,12,未锁定
9044,XF4E015,53,12,未锁定
9045,XF4E016,53,12,未锁定
9046,XF4E017,53,12,未锁定
9047,XF4E018,53,12,未锁定
9048,XF4E019,53,12,未锁定
9049,XF4E020,53,12,未锁定
9050,XF4E021,53,12,锁定
9051,XF4E022,53,12,锁定
9052,XF4E023,53,12,锁定
9053,XF4E024,53,12,锁定
9054,XF4E025,53,12,锁定
9055,XF4E026,53,12,锁定
9056,XF4E027,53,12,锁定
9057,XF4E028,53,12,锁定
9058,XF4E029,53,12,锁定
9059,XF4E030,53,12,锁定
9060,XF4E031,53,12,未锁定
9061,XF4E032,53,12,未锁定
9062,XF4E033,53,12,未锁定
9063,XF4E034,53,12,未锁定
9064,XF4E035,53,12,未锁定
9065,XF4E036,53,12,未锁定
9066,XF4E037,53,12,未锁定
9067,XF4E038,53,12,未锁定
9068,XF4E039,53,12,未锁定
9069,XF4E040,53,12,未锁定
9070,XF4E041,53,12,锁定
9071,XF4E042,53,12,锁定
9072,XF4E043,53,12,锁定
9073,XF4E044,53,12,锁定
9074,XF4E045,53,12,锁定
9075,XF4E046,53,12,锁定
9076,XF4E047,53,12,锁定
9077,XF4E048,53,12,锁定
9078,XF4E049,53,12,锁定
9079,XF4E050,53,12,锁定
9080,XF4E051,53,12,未锁定
9081,XF4E052,53,12,未锁定
9082,XF4E053,53,12,未锁定
9083,XF4E054,53,12,未锁定
9084,XF4E055,53,12,未锁定
9085,XF4E056,53,12,未锁定
9086,XF4E057,53,12,未锁定
9087,XF4E058,53,12,未锁定
9088,XF4E059,53,12,未锁定
9089,XF4E060,53,12,未锁定
9090,XF4E061,53,12,锁定
9091,XF4E062,53,12,锁定
9092,XF4E063,53,12,未锁定
9093,XF4E064,53,12,未锁定
9094,XF4E065,53,12,锁定
9095,XF4E066,53,12,锁定
9096,XF4E067,53,12,锁定
9097,XF4E068,53,12,锁定
9098,XF4E069,53,12,锁定
9099,XF4E070,53,12,锁定
9100,XF4E071,53,12,未锁定
9101,XF4E072,53,12,未锁定
9102,XF4E073,53,12,未锁定
9103,XF4E074,53,12,未锁定
9104,XF4E075,53,12,未锁定
9105,XF4E076,53,12,未锁定
9106,XF4E077,53,12,锁定
9107,XF4E078,53,12,锁定
9108,XF4E079,53,12,锁定
9109,XF4E080,53,12,锁定
9110,XF4E081,53,12,锁定
9111,XF4E082,53,12,锁定
9112,XF4E083,53,12,锁定
9113,XF4E084,53,12,锁定
9114,XF4E085,53,12,锁定
9115,XF4E086,53,12,锁定
9116,XF4E087,53,12,未锁定
9117,XF4E088,53,12,未锁定
9118,XF4E089,53,12,未锁定
9119,XF4E090,53,12,未锁定
9120,XF4E091,53,12,未锁定
9121,XF4E092,53,12,未锁定
9122,XF4E093,53,12,未锁定
9123,XF4E094,53,12,未锁定
9124,XF4E095,53,12,未锁定
9125,XF4E096,53,12,未锁定
9126,XF4E097,53,12,锁定
9127,XF4E098,53,12,锁定
9128,XF4E099,53,12,锁定
9129,XF4E100,53,12,锁定
9130,XF4E101,53,12,锁定
9131,XF4E102,53,12,锁定
9132,XF4E103,53,12,锁定
9133,XF4E104,53,12,锁定
9134,XF4E105,53,12,锁定
9135,XF4E106,53,12,锁定
9136,XF4E107,53,12,未锁定
9137,XF4E108,53,12,未锁定
9138,XF4E109,53,12,未锁定
9139,XF4E110,53,12,未锁定
9140,XF4E111,53,12,未锁定
9141,XF4E112,53,12,未锁定
9142,XF4E113,53,12,未锁定
9143,XF4E114,53,12,未锁定
9144,XF4E115,53,12,未锁定
9145,XF4E116,53,12,未锁定
9146,XF4E117,53,12,锁定
9147,XF4E118,53,12,锁定
9148,XF4E119,53,12,锁定
9149,XF4E120,53,12,锁定
9150,XF4E121,53,12,锁定
9151,XF4E122,53,12,锁定
9152,XF4E123,53,12,锁定
9153,XF4E124,53,12,锁定
9154,XF4E125,53,12,锁定
9155,XF4E126,53,12,锁定
9156,XF4E127,53,12,未锁定
9157,XF4E128,53,12,未锁定
9158,XF4E129,53,12,未锁定
9159,XF4E130,53,12,未锁定
9160,XF4E131,53,12,未锁定
9161,XF4E132,53,12,未锁定
9162,XF4E133,53,12,未锁定
9163,XF4E134,53,12,未锁定
9164,XF4E135,53,12,未锁定
9165,XF4E136,53,12,未锁定
7553,XF4A001,54,12,锁定
7554,XF4A002,54,12,锁定
7555,XF4A003,54,12,锁定
7556,XF4A004,54,12,锁定
7557,XF4A005,54,12,锁定
7558,XF4A006,54,12,锁定
7559,XF4A007,54,12,锁定
7560,XF4A008,54,12,锁定
7561,XF4A009,54,12,未锁定
7562,XF4A010,54,12,未锁定
7563,XF4A011,54,12,未锁定
7564,XF4A012,54,12,未锁定
7565,XF4A013,54,12,未锁定
7566,XF4A014,54,12,未锁定
7567,XF4A015,54,12,未锁定
7568,XF4A016,54,12,未锁定
7569,XF4A017,54,12,锁定
7570,XF4A018,54,12,锁定
7571,XF4A019,54,12,锁定
7572,XF4A020,54,12,锁定
7573,XF4A021,54,12,锁定
7574,XF4A022,54,12,锁定
7575,XF4A023,54,12,锁定
7576,XF4A024,54,12,锁定
7577,XF4A025,54,12,未锁定
7578,XF4A026,54,12,未锁定
7579,XF4A027,54,12,未锁定
7580,XF4A028,54,12,未锁定
7581,XF4A029,54,12,未锁定
7582,XF4A030,54,12,未锁定
7583,XF4A031,54,12,未锁定
7584,XF4A032,54,12,未锁定
7585,XF4A033,54,12,锁定
7586,XF4A034,54,12,锁定
7587,XF4A035,54,12,锁定
7588,XF4A036,54,12,锁定
7589,XF4A037,54,12,锁定
7590,XF4A038,54,12,锁定
7591,XF4A039,54,12,锁定
7592,XF4A040,54,12,锁定
7593,XF4A041,54,12,未锁定
7594,XF4A042,54,12,未锁定
7595,XF4A043,54,12,未锁定
7596,XF4A044,54,12,未锁定
7597,XF4A045,54,12,未锁定
7598,XF4A046,54,12,未锁定
7599,XF4A047,54,12,未锁定
7600,XF4A048,54,12,未锁定
7601,XF4A049,54,12,锁定
7602,XF4A050,54,12,锁定
7603,XF4A051,54,12,锁定
7604,XF4A052,54,12,锁定
7605,XF4A053,54,12,锁定
7606,XF4A054,54,12,锁定
7607,XF4A055,54,12,未锁定
7608,XF4A056,54,12,未锁定
7609,XF4A057,54,12,未锁定
7610,XF4A058,54,12,未锁定
7611,XF4A059,54,12,未锁定
7612,XF4A060,54,12,未锁定
7613,XF4A061,54,12,锁定
7614,XF4A062,54,12,锁定
7615,XF4A063,54,12,锁定
7616,XF4A064,54,12,锁定
7617,XF4A065,54,12,锁定
7618,XF4A066,54,12,锁定
7619,XF4A067,54,12,锁定
7620,XF4A068,54,12,锁定
7621,XF4A069,54,12,未锁定
7622,XF4A070,54,12,未锁定
7623,XF4A071,54,12,未锁定
7624,XF4A072,54,12,未锁定
7625,XF4A073,54,12,未锁定
7626,XF4A074,54,12,未锁定
7627,XF4A075,54,12,未锁定
7628,XF4A076,54,12,未锁定
7629,XF4A077,54,12,锁定
7630,XF4A078,54,12,锁定
7631,XF4A079,54,12,锁定
7632,XF4A080,54,12,锁定
7633,XF4A081,54,12,锁定
7634,XF4A082,54,12,锁定
7635,XF4A083,54,12,锁定
7636,XF4A084,54,12,锁定
7637,XF4A085,54,12,未锁定
7638,XF4A086,54,12,未锁定
7639,XF4A087,54,12,未锁定
7640,XF4A088,54,12,未锁定
7641,XF4A089,54,12,未锁定
7642,XF4A090,54,12,未锁定
7643,XF4A091,54,12,未锁定
7644,XF4A092,54,12,未锁定
7645,XF4A093,54,12,锁定
7646,XF4A094,54,12,锁定
7647,XF4A095,54,12,锁定
7648,XF4A096,54,12,锁定
7649,XF4A097,54,12,锁定
7650,XF4A098,54,12,锁定
7651,XF4A099,54,12,锁定
7652,XF4A100,54,12,锁定
7653,XF4A101,54,12,未锁定
7654,XF4A102,54,12,未锁定
7655,XF4A103,54,12,未锁定
7656,XF4A104,54,12,未锁定
7657,XF4A105,54,12,未锁定
7658,XF4A106,54,12,未锁定
7659,XF4A107,54,12,未锁定
7660,XF4A108,54,12,未锁定
7661,XF4A109,54,12,锁定
7662,XF4A110,54,12,锁定
7663,XF4A111,54,12,锁定
7664,XF4A112,54,12,锁定
7665,XF4A113,54,12,锁定
7666,XF4A114,54,12,锁定
7667,XF4A115,54,12,未锁定
7668,XF4A116,54,12,未锁定
7669,XF4A117,54,12,未锁定
7670,XF4A118,54,12,未锁定
7671,XF4A119,54,12,未锁定
7672,XF4A120,54,12,未锁定
7673,XF4A121,54,12,锁定
7674,XF4A122,54,12,锁定
7675,XF4A123,54,12,锁定
7676,XF4A124,54,12,锁定
7677,XF4A125,54,12,锁定
7678,XF4A126,54,12,锁定
7679,XF4A127,54,12,锁定
7680,XF4A128,54,12,锁定
7681,XF4A129,54,12,未锁定
7682,XF4A130,54,12,未锁定
7683,XF4A131,54,12,未锁定
7684,XF4A132,54,12,未锁定
7685,XF4A133,54,12,未锁定
7686,XF4A134,54,12,未锁定
7687,XF4A135,54,12,未锁定
7688,XF4A136,54,12,未锁定
7689,XF4A137,54,12,锁定
7690,XF4A138,54,12,锁定
7691,XF4A139,54,12,锁定
7692,XF4A140,54,12,锁定
7693,XF4A141,54,12,锁定
7694,XF4A142,54,12,锁定
7695,XF4A143,54,12,锁定
7696,XF4A144,54,12,锁定
7697,XF4A145,54,12,未锁定
7698,XF4A146,54,12,未锁定
7699,XF4A147,54,12,未锁定
7700,XF4A148,54,12,未锁定
7701,XF4A149,54,12,未锁定
7702,XF4A150,54,12,未锁定
7703,XF4A151,54,12,未锁定
7704,XF4A152,54,12,未锁定
7705,XF4A153,54,12,锁定
7706,XF4A154,54,12,锁定
7707,XF4A155,54,12,锁定
7708,XF4A156,54,12,锁定
7709,XF4A157,54,12,锁定
7710,XF4A158,54,12,锁定
7711,XF4A159,54,12,锁定
7712,XF4A160,54,12,锁定
7713,XF4A161,54,12,未锁定
7714,XF4A162,54,12,未锁定
7715,XF4A163,54,12,未锁定
7716,XF4A164,54,12,未锁定
7717,XF4A165,54,12,未锁定
7718,XF4A166,54,12,未锁定
7719,XF4A167,54,12,未锁定
7720,XF4A168,54,12,未锁定
7721,XF5C001,55,12,未锁定
7722,XF5C002,55,12,未锁定
7723,XF5C003,55,12,未锁定
7724,XF5C004,55,12,未锁定
7725,XF5C005,55,12,未锁定
7726,XF5C006,55,12,未锁定
7727,XF5C007,55,12,未锁定
7728,XF5C008,55,12,未锁定
7729,XF5C009,55,12,未锁定
7730,XF5C010,55,12,未锁定
7731,XF5C011,55,12,未锁定
7732,XF5C012,55,12,未锁定
7733,XF5C013,55,12,未锁定
7734,XF5C014,55,12,未锁定
7735,XF5C015,55,12,未锁定
7736,XF5C016,55,12,未锁定
7737,XF5C017,55,12,未锁定
7738,XF5C018,55,12,未锁定
7739,XF5C019,55,12,未锁定
7740,XF5C020,55,12,未锁定
7741,XF5C021,55,12,未锁定
7742,XF5C022,55,12,未锁定
7743,XF5C023,55,12,未锁定
7744,XF5C024,55,12,未锁定
7745,XF5C025,55,12,未锁定
7746,XF5C026,55,12,未锁定
7747,XF5C027,55,12,未锁定
7748,XF5C028,55,12,未锁定
7749,XF5C029,55,12,未锁定
7750,XF5C030,55,12,未锁定
7751,XF5C031,55,12,未锁定
7752,XF5C032,55,12,未锁定
7753,XF5D001,56,12,锁定
7754,XF5D002,56,12,锁定
7755,XF5D003,56,12,锁定
7756,XF5D004,56,12,锁定
7757,XF5D005,56,12,锁定
7758,XF5D006,56,12,锁定
7759,XF5D007,56,12,锁定
7760,XF5D008,56,12,锁定
7761,XF5D009,56,12,锁定
7762,XF5D010,56,12,锁定
7763,XF5D011,56,12,未锁定
7764,XF5D012,56,12,未锁定
7765,XF5D013,56,12,未锁定
7766,XF5D014,56,12,未锁定
7767,XF5D015,56,12,未锁定
7768,XF5D016,56,12,未锁定
7769,XF5D017,56,12,未锁定
7770,XF5D018,56,12,未锁定
7771,XF5D019,56,12,未锁定
7772,XF5D020,56,12,未锁定
7773,XF5D021,56,12,锁定
7774,XF5D022,56,12,锁定
7775,XF5D023,56,12,锁定
7776,XF5D024,56,12,锁定
7777,XF5D025,56,12,锁定
7778,XF5D026,56,12,锁定
7779,XF5D027,56,12,锁定
7780,XF5D028,56,12,锁定
7781,XF5D029,56,12,锁定
7782,XF5D030,56,12,锁定
7783,XF5D031,56,12,未锁定
7784,XF5D032,56,12,未锁定
7785,XF5D033,56,12,未锁定
7786,XF5D034,56,12,未锁定
7787,XF5D035,56,12,未锁定
7788,XF5D036,56,12,未锁定
7789,XF5D037,56,12,未锁定
7790,XF5D038,56,12,未锁定
7791,XF5D039,56,12,未锁定
7792,XF5D040,56,12,未锁定
7793,XF5D041,56,12,锁定
7794,XF5D042,56,12,锁定
7795,XF5D043,56,12,锁定
7796,XF5D044,56,12,锁定
7797,XF5D045,56,12,锁定
7798,XF5D046,56,12,锁定
7799,XF5D047,56,12,锁定
7800,XF5D048,56,12,锁定
7801,XF5D049,56,12,锁定
7802,XF5D050,56,12,锁定
7803,XF5D051,56,12,未锁定
7804,XF5D052,56,12,未锁定
7805,XF5D053,56,12,未锁定
7806,XF5D054,56,12,未锁定
7807,XF5D055,56,12,未锁定
7808,XF5D056,56,12,未锁定
7809,XF5D057,56,12,未锁定
7810,XF5D058,56,12,未锁定
7811,XF5D059,56,12,未锁定
7812,XF5D060,56,12,未锁定
7813,XF5D061,56,12,锁定
7814,XF5D062,56,12,锁定
7815,XF5D063,56,12,未锁定
7816,XF5D064,56,12,未锁定
7817,XF5D065,56,12,锁定
7818,XF5D066,56,12,锁定
7819,XF5D067,56,12,锁定
7820,XF5D068,56,12,锁定
7821,XF5D069,56,12,锁定
7822,XF5D070,56,12,锁定
7823,XF5D071,56,12,未锁定
7824,XF5D072,56,12,未锁定
7825,XF5D073,56,12,未锁定
7826,XF5D074,56,12,未锁定
7827,XF5D075,56,12,未锁定
7828,XF5D076,56,12,未锁定
7829,XF5D077,56,12,锁定
7830,XF5D078,56,12,锁定
7831,XF5D079,56,12,锁定
7832,XF5D080,56,12,锁定
7833,XF5D081,56,12,锁定
7834,XF5D082,56,12,锁定
7835,XF5D083,56,12,锁定
7836,XF5D084,56,12,锁定
7837,XF5D085,56,12,锁定
7838,XF5D086,56,12,锁定
7839,XF5D087,56,12,未锁定
7840,XF5D088,56,12,未锁定
7841,XF5D089,56,12,未锁定
7842,XF5D090,56,12,未锁定
7843,XF5D091,56,12,未锁定
7844,XF5D092,56,12,未锁定
7845,XF5D093,56,12,未锁定
7846,XF5D094,56,12,未锁定
7847,XF5D095,56,12,未锁定
7848,XF5D096,56,12,未锁定
7849,XF5D097,56,12,锁定
7850,XF5D098,56,12,锁定
7851,XF5D099,56,12,锁定
7852,XF5D100,56,12,锁定
7853,XF5D101,56,12,锁定
7854,XF5D102,56,12,锁定
7855,XF5D103,56,12,锁定
7856,XF5D104,56,12,锁定
7857,XF5D105,56,12,锁定
7858,XF5D106,56,12,锁定
7859,XF5D107,56,12,未锁定
7860,XF5D108,56,12,未锁定
7861,XF5D109,56,12,未锁定
7862,XF5D110,56,12,未锁定
7863,XF5D111,56,12,未锁定
7864,XF5D112,56,12,未锁定
7865,XF5D113,56,12,未锁定
7866,XF5D114,56,12,未锁定
7867,XF5D115,56,12,未锁定
7868,XF5D116,56,12,未锁定
7869,XF5D117,56,12,锁定
7870,XF5D118,56,12,锁定
7871,XF5D119,56,12,锁定
7872,XF5D120,56,12,锁定
7873,XF5D121,56,12,锁定
7874,XF5D122,56,12,锁定
7875,XF5D123,56,12,锁定
7876,XF5D124,56,12,锁定
7877,XF5D125,56,12,锁定
7878,XF5D126,56,12,锁定
7879,XF5D127,56,12,未锁定
7880,XF5D128,56,12,未锁定
7881,XF5D129,56,12,未锁定
7882,XF5D130,56,12,未锁定
7883,XF5D131,56,12,未锁定
7884,XF5D132,56,12,未锁定
7885,XF5D133,56,12,未锁定
7886,XF5D134,56,12,未锁定
7887,XF5D135,56,12,未锁定
7888,XF5D136,56,12,未锁定
7889,XF5B001,57,12,未锁定
7890,XF5B002,57,12,未锁定
7891,XF5B003,57,12,未锁定
7892,XF5B004,57,12,未锁定
7893,XF5B005,57,12,未锁定
7894,XF5B006,57,12,未锁定
7895,XF5B007,57,12,未锁定
7896,XF5B008,57,12,未锁定
7897,XF5B009,57,12,未锁定
7898,XF5B010,57,12,未锁定
7899,XF5B011,57,12,未锁定
7900,XF5B012,57,12,未锁定
7901,XF5B013,57,12,未锁定
7902,XF5B014,57,12,未锁定
7903,XF5B015,57,12,未锁定
7904,XF5B016,57,12,未锁定
7905,XF5B017,57,12,未锁定
7906,XF5B018,57,12,未锁定
7907,XF5B019,57,12,未锁定
7908,XF5B020,57,12,未锁定
7909,XF5B021,57,12,未锁定
7910,XF5B022,57,12,未锁定
7911,XF5B023,57,12,未锁定
7912,XF5B024,57,12,未锁定
7913,XF5B025,57,12,未锁定
7914,XF5B026,57,12,未锁定
7915,XF5B027,57,12,未锁定
7916,XF5B028,57,12,未锁定
7917,XF5B029,57,12,未锁定
7918,XF5B030,57,12,未锁定
7919,XF5B031,57,12,未锁定
7920,XF5B032,57,12,未锁定
7921,XF5B033,57,12,未锁定
7922,XF5B034,57,12,未锁定
7923,XF5B035,57,12,未锁定
7924,XF5B036,57,12,未锁定
7925,XF5B037,57,12,未锁定
7926,XF5B038,57,12,未锁定
7927,XF5B039,57,12,未锁定
7928,XF5B040,57,12,未锁定
7929,XF5B041,57,12,未锁定
7930,XF5B042,57,12,未锁定
7931,XF5B043,57,12,未锁定
7932,XF5B044,57,12,未锁定
7933,XF5B045,57,12,未锁定
7934,XF5B046,57,12,未锁定
7935,XF5B047,57,12,未锁定
7936,XF5B048,57,12,未锁定
7937,XF5B049,57,12,未锁定
7938,XF5B050,57,12,未锁定
7939,XF5B051,57,12,未锁定
7940,XF5B052,57,12,未锁定
7941,XF5B053,57,12,未锁定
7942,XF5B054,57,12,未锁定
7943,XF5B055,57,12,未锁定
7944,XF5B056,57,12,未锁定
7945,XF5B057,57,12,未锁定
7946,XF5B058,57,12,未锁定
7947,XF5B059,57,12,未锁定
7948,XF5B060,57,12,未锁定
7949,XF5B061,57,12,未锁定
7950,XF5B062,57,12,未锁定
7951,XF5B063,57,12,未锁定
7952,XF5B064,57,12,未锁定
7953,XF5B065,57,12,未锁定
7954,XF5B066,57,12,未锁定
7955,XF5B067,57,12,未锁定
7956,XF5B068,57,12,未锁定
7957,XF5B069,57,12,未锁定
7958,XF5B070,57,12,未锁定
7959,XF5B071,57,12,未锁定
7960,XF5B072,57,12,未锁定
7961,XF5B073,57,12,未锁定
7962,XF5B074,57,12,未锁定
7963,XF5B075,57,12,未锁定
7964,XF5B076,57,12,未锁定
7965,XF5B077,57,12,未锁定
7966,XF5B078,57,12,未锁定
7967,XF5B079,57,12,未锁定
7968,XF5B080,57,12,未锁定
7969,XF5B081,57,12,未锁定
7970,XF5B082,57,12,未锁定
7971,XF5B083,57,12,未锁定
7972,XF5B084,57,12,未锁定
7973,XF5B085,57,12,未锁定
7974,XF5B086,57,12,未锁定
7975,XF5B087,57,12,未锁定
7976,XF5B088,57,12,未锁定
7977,XF5B089,57,12,未锁定
7978,XF5B090,57,12,未锁定
7979,XF5B091,57,12,未锁定
7980,XF5B092,57,12,未锁定
7981,XF5B093,57,12,未锁定
7982,XF5B094,57,12,未锁定
7983,XF5B095,57,12,未锁定
7984,XF5B096,57,12,未锁定
7985,XF5B097,57,12,未锁定
7986,XF5B098,57,12,未锁定
7987,XF5B099,57,12,未锁定
7988,XF5B100,57,12,未锁定
7989,XF5B101,57,12,未锁定
7990,XF5B102,57,12,未锁定
7991,XF5B103,57,12,未锁定
7992,XF5B104,57,12,未锁定
7993,XF5B105,57,12,未锁定
7994,XF5B106,57,12,未锁定
7995,XF5B107,57,12,未锁定
7996,XF5B108,57,12,未锁定
7997,XF5B109,57,12,未锁定
7998,XF5B110,57,12,未锁定
7999,XF5B111,57,12,未锁定
8000,XF5B112,57,12,未锁定
8001,XF5B113,57,12,未锁定
8002,XF5B114,57,12,未锁定
8003,XF5B115,57,12,未锁定
8004,XF5B116,57,12,未锁定
8005,XF5B117,57,12,未锁定
8006,XF5B118,57,12,未锁定
8007,XF5B119,57,12,未锁定
8008,XF5B120,57,12,未锁定
8009,XF5B121,57,12,未锁定
8010,XF5B122,57,12,未锁定
8011,XF5B123,57,12,未锁定
8012,XF5B124,57,12,未锁定
8013,XF5B125,57,12,未锁定
8014,XF5B126,57,12,未锁定
8015,XF5B127,57,12,未锁定
8016,XF5B128,57,12,未锁定
8017,XF5B129,57,12,未锁定
8018,XF5B130,57,12,未锁定
8019,XF5B131,57,12,未锁定
8020,XF5B132,57,12,未锁定
8021,XF5B133,57,12,未锁定
8022,XF5B134,57,12,未锁定
8023,XF5B135,57,12,未锁定
8024,XF5B136,57,12,未锁定
8025,XF5B137,57,12,未锁定
8026,XF5B138,57,12,未锁定
8027,XF5B139,57,12,未锁定
8028,XF5B140,57,12,未锁定
8029,XF5B141,57,12,未锁定
8030,XF5B142,57,12,未锁定
8031,XF5B143,57,12,未锁定
8032,XF5B144,57,12,未锁定
8033,XF5B145,57,12,未锁定
8034,XF5B146,57,12,未锁定
8035,XF5F001,58,12,未锁定
8036,XF5F002,58,12,未锁定
8037,XF5F003,58,12,未锁定
8038,XF5F004,58,12,未锁定
8039,XF5F005,58,12,未锁定
8040,XF5F006,58,12,未锁定
8041,XF5F007,58,12,未锁定
8042,XF5F008,58,12,未锁定
8043,XF5F009,58,12,未锁定
8044,XF5F010,58,12,未锁定
9166,XF5A001,59,12,未锁定
9167,XF5A002,59,12,未锁定
9168,XF5A003,59,12,未锁定
9169,XF5A004,59,12,未锁定
9170,XF5A005,59,12,未锁定
9171,XF5A006,59,12,未锁定
9172,XF5A007,59,12,未锁定
9173,XF5A008,59,12,未锁定
9174,XF5A009,59,12,未锁定
9175,XF5A010,59,12,未锁定
9176,XF5A011,59,12,未锁定
9177,XF5A012,59,12,未锁定
9178,XF5A013,59,12,未锁定
9179,XF5A014,59,12,未锁定
9180,XF5A015,59,12,未锁定
9181,XF5A016,59,12,未锁定
9182,XF5A017,59,12,未锁定
9183,XF5A018,59,12,未锁定
9184,XF5A019,59,12,未锁定
9185,XF5A020,59,12,未锁定
9186,XF5A021,59,12,未锁定
9187,XF5A022,59,12,未锁定
9188,XF5A023,59,12,未锁定
9189,XF5A024,59,12,未锁定
9190,XF5A025,59,12,未锁定
9191,XF5A026,59,12,未锁定
9192,XF5A027,59,12,未锁定
9193,XF5A028,59,12,未锁定
9194,XF5A029,59,12,未锁定
9195,XF5A030,59,12,未锁定
9196,XF5A031,59,12,未锁定
9197,XF5A032,59,12,未锁定
9198,XF5A033,59,12,未锁定
9199,XF5A034,59,12,未锁定
9200,XF5A035,59,12,未锁定
9201,XF5A036,59,12,未锁定
9202,XF5A037,59,12,未锁定
9203,XF5A038,59,12,未锁定
9204,XF5A039,59,12,未锁定
9205,XF5A040,59,12,未锁定
9206,XF5A041,59,12,未锁定
9207,XF5A042,59,12,未锁定
9208,XF5A043,59,12,未锁定
9209,XF5A044,59,12,未锁定
9210,XF5A045,59,12,未锁定
9211,XF5A046,59,12,未锁定
9212,XF5A047,59,12,未锁定
9213,XF5A048,59,12,未锁定
9214,XF5A049,59,12,未锁定
9215,XF5A050,59,12,未锁定
9216,XF5A051,59,12,未锁定
9217,XF5A052,59,12,未锁定
9218,XF5A053,59,12,未锁定
9219,XF5A054,59,12,未锁定
9220,XF5A055,59,12,未锁定
9221,XF5A056,59,12,未锁定
9222,XF5A057,59,12,未锁定
9223,XF5A058,59,12,未锁定
9224,XF5A059,59,12,未锁定
9225,XF5A060,59,12,未锁定
9226,XF5A061,59,12,未锁定
9227,XF5A062,59,12,未锁定
9228,XF5A063,59,12,未锁定
9229,XF5A064,59,12,未锁定
9230,XF5A065,59,12,未锁定
9231,XF5A066,59,12,未锁定
9232,XF5A067,59,12,未锁定
9233,XF5A068,59,12,未锁定
9234,XF5A069,59,12,未锁定
9235,XF5A070,59,12,未锁定
9236,XF5A071,59,12,未锁定
9237,XF5A072,59,12,未锁定
9238,XF5A073,59,12,未锁定
9239,XF5A074,59,12,未锁定
9240,XF5A075,59,12,未锁定
9241,XF5A076,59,12,未锁定
9242,XF5A077,59,12,未锁定
9243,XF5A078,59,12,未锁定
9244,XF5A079,59,12,未锁定
9245,XF5A080,59,12,未锁定
9246,XF5A081,59,12,未锁定
9247,XF5A082,59,12,未锁定
9248,XF5A083,59,12,未锁定
9249,XF5A084,59,12,未锁定
9250,XF5A085,59,12,未锁定
9251,XF5A086,59,12,未锁定
9252,XF5A087,59,12,未锁定
9253,XF5A088,59,12,未锁定
9254,XF5A089,59,12,未锁定
9255,XF5A090,59,12,未锁定
9256,XF5A091,59,12,未锁定
9257,XF5A092,59,12,未锁定
9258,XF5A093,59,12,未锁定
9259,XF5A094,59,12,未锁定
9260,XF5A095,59,12,未锁定
9261,XF5A096,59,12,未锁定
9262,XF5A097,59,12,未锁定
9263,XF5A098,59,12,未锁定
9264,XF5A099,59,12,未锁定
9265,XF5A100,59,12,未锁定
9266,XF5A101,59,12,未锁定
9267,XF5A102,59,12,未锁定
9268,XF5A103,59,12,未锁定
9269,XF5A104,59,12,未锁定
9270,XF5A105,59,12,未锁定
9271,XF5A106,59,12,未锁定
9272,XF5A107,59,12,未锁定
9273,XF5A108,59,12,未锁定
9274,XF5A109,59,12,未锁定
9275,XF5A110,59,12,未锁定
9276,XF5A111,59,12,未锁定
9277,XF5A112,59,12,未锁定
9278,XF5A113,59,12,未锁定
9279,XF5A114,59,12,未锁定
9280,XF5A115,59,12,未锁定
9281,XF5A116,59,12,未锁定
9282,XF5A117,59,12,未锁定
9283,XF5A118,59,12,未锁定
9284,XF5A119,59,12,未锁定
9285,XF5A120,59,12,未锁定
9286,XF5A121,59,12,未锁定
9287,XF5A122,59,12,未锁定
9288,XF5A123,59,12,未锁定
9289,XF5A124,59,12,未锁定
9290,XF5A125,59,12,未锁定
9291,XF5A126,59,12,未锁定
9292,XF5A127,59,12,未锁定
9293,XF5A128,59,12,未锁定
9294,XF5A129,59,12,未锁定
9295,XF5A130,59,12,未锁定
9296,XF5A131,59,12,未锁定
9297,XF5A132,59,12,未锁定
9298,XF5A133,59,12,未锁定
9299,XF5A134,59,12,未锁定
9300,XF5A135,59,12,未锁定
9301,XF5A136,59,12,未锁定
9302,XF5A137,59,12,未锁定
9303,XF5A138,59,12,未锁定
9304,XF5A139,59,12,未锁定
9305,XF5A140,59,12,未锁定
9306,XF5A141,59,12,未锁定
9307,XF5A142,59,12,未锁定
9308,XF5A143,59,12,未锁定
9309,XF5A144,59,12,未锁定
9310,XF5A145,59,12,未锁定
9311,XF5A146,59,12,未锁定
9312,XF5A147,59,12,未锁定
9313,XF5A148,59,12,未锁定
9314,XF5A149,59,12,未锁定
9315,XF5A150,59,12,未锁定
9316,XF5A151,59,12,未锁定
9317,XF5A152,59,12,未锁定
9318,XF5A153,59,12,未锁定
9319,XF5A154,59,12,未锁定
9320,XF5A155,59,12,未锁定
9321,XF5A156,59,12,未锁定
9322,XF5A157,59,12,未锁定
9323,XF5A158,59,12,未锁定
9324,XF5A159,59,12,未锁定
9325,XF5A160,59,12,未锁定
9326,XF5A161,59,12,未锁定
9327,XF5A162,59,12,未锁定
9328,XF5A163,59,12,未锁定
9329,XF5A164,59,12,未锁定
9330,XF5A165,59,12,未锁定
9331,XF5A166,59,12,未锁定
9332,XF5A167,59,12,未锁定
9333,XF5A168,59,12,未锁定
9334,XF5A169,59,12,未锁定
9335,XF5A170,59,12,未锁定
9336,XF5A171,59,12,未锁定
9337,XF5A172,59,12,未锁定
9338,XF5A173,59,12,未锁定
9339,XF5A174,59,12,未锁定
9340,XF5A175,59,12,未锁定
9341,XF5A176,59,12,未锁定
9342,XF5A177,59,12,未锁定
9343,XF5A178,59,12,未锁定
9344,XF5A179,59,12,未锁定
9345,XF5A180,59,12,未锁定
8048,XF6B001,60,12,未锁定
8049,XF6B002,60,12,未锁定
8050,XF6B003,60,12,锁定
8051,XF6B004,60,12,锁定
8052,XF6B005,60,12,未锁定
8053,XF6B006,60,12,未锁定
8054,XF6B007,60,12,锁定
8055,XF6B008,60,12,锁定
8056,XF6B009,60,12,未锁定
8057,XF6B010,60,12,未锁定
8058,XF6B011,60,12,锁定
8059,XF6B012,60,12,锁定
8060,XF6B013,60,12,未锁定
8061,XF6B014,60,12,未锁定
8062,XF6B015,60,12,锁定
8063,XF6B016,60,12,锁定
8064,XF6B017,60,12,未锁定
8065,XF6B018,60,12,未锁定
8066,XF6B019,60,12,锁定
8067,XF6B020,60,12,锁定
8068,XF6B021,60,12,未锁定
8069,XF6B022,60,12,未锁定
8070,XF6B023,60,12,锁定
8071,XF6B024,60,12,锁定
8072,XF6B025,60,12,未锁定
8073,XF6B026,60,12,未锁定
8074,XF6B027,60,12,锁定
8075,XF6B028,60,12,锁定
8076,XF6B029,60,12,未锁定
8077,XF6B030,60,12,未锁定
8078,XF6B031,60,12,锁定
8079,XF6B032,60,12,锁定
8080,XF6B033,60,12,未锁定
8081,XF6B034,60,12,未锁定
8082,XF6B035,60,12,锁定
8083,XF6B036,60,12,锁定
8084,XF6B037,60,12,未锁定
8085,XF6B038,60,12,未锁定
8086,XF6B039,60,12,锁定
8087,XF6B040,60,12,锁定
8088,XF6C001,61,12,未锁定
8089,XF6C002,61,12,未锁定
8090,XF6C003,61,12,锁定
8091,XF6C004,61,12,锁定
8092,XF6C005,61,12,未锁定
8093,XF6C006,61,12,未锁定
8094,XF6C007,61,12,锁定
8095,XF6C008,61,12,锁定
8096,XF6C009,61,12,未锁定
8097,XF6C010,61,12,未锁定
8098,XF6C011,61,12,锁定
8099,XF6C012,61,12,锁定
8100,XF6D001,62,12,未锁定
8101,XF6D002,62,12,未锁定
8102,XF6D003,62,12,未锁定
8103,XF6D004,62,12,未锁定
8104,XF6D005,62,12,未锁定
8105,XF6D006,62,12,未锁定
8106,XF6D007,62,12,未锁定
8107,XF6D008,62,12,未锁定
8108,XF6D009,62,12,未锁定
8109,XF6D010,62,12,未锁定
8110,XF6D011,62,12,锁定
8111,XF6D012,62,12,锁定
8112,XF6D013,62,12,锁定
8113,XF6D014,62,12,锁定
8114,XF6D015,62,12,锁定
8115,XF6D016,62,12,锁定
8116,XF6D017,62,12,锁定
8117,XF6D018,62,12,锁定
8118,XF6D019,62,12,锁定
8119,XF6D020,62,12,锁定
8120,XF6D021,62,12,未锁定
8121,XF6D022,62,12,未锁定
8122,XF6D023,62,12,未锁定
8123,XF6D024,62,12,未锁定
8124,XF6D025,62,12,未锁定
8125,XF6D026,62,12,未锁定
8126,XF6D027,62,12,未锁定
8127,XF6D028,62,12,未锁定
8128,XF6D029,62,12,未锁定
8129,XF6D030,62,12,未锁定
8130,XF6D031,62,12,锁定
8131,XF6D032,62,12,锁定
8132,XF6D033,62,12,锁定
8133,XF6D034,62,12,锁定
8134,XF6D035,62,12,锁定
8135,XF6D036,62,12,锁定
8136,XF6D037,62,12,锁定
8137,XF6D038,62,12,锁定
8138,XF6D039,62,12,锁定
8139,XF6D040,62,12,锁定
8140,XF6D041,62,12,未锁定
8141,XF6D042,62,12,未锁定
8142,XF6D043,62,12,未锁定
8143,XF6D044,62,12,未锁定
8144,XF6D045,62,12,未锁定
8145,XF6D046,62,12,未锁定
8146,XF6D047,62,12,未锁定
8147,XF6D048,62,12,未锁定
8148,XF6D049,62,12,未锁定
8149,XF6D050,62,12,未锁定
8150,XF6D051,62,12,锁定
8151,XF6D052,62,12,锁定
8152,XF6D053,62,12,锁定
8153,XF6D054,62,12,锁定
8154,XF6D055,62,12,锁定
8155,XF6D056,62,12,锁定
8156,XF6D057,62,12,锁定
8157,XF6D058,62,12,锁定
8158,XF6D059,62,12,锁定
8159,XF6D060,62,12,锁定
8160,XF6D061,62,12,未锁定
8161,XF6D062,62,12,未锁定
8162,XF6D063,62,12,未锁定
8163,XF6D064,62,12,未锁定
8164,XF6D065,62,12,未锁定
8165,XF6D066,62,12,未锁定
8166,XF6D067,62,12,锁定
8167,XF6D068,62,12,锁定
8168,XF6D069,62,12,锁定
8169,XF6D070,62,12,锁定
8170,XF6D071,62,12,锁定
8171,XF6D072,62,12,锁定
8172,XF6D073,62,12,未锁定
8173,XF6D074,62,12,未锁定
8174,XF6D075,62,12,锁定
8175,XF6D076,62,12,锁定
8176,XF6D077,62,12,未锁定
8177,XF6D078,62,12,未锁定
8178,XF6D079,62,12,未锁定
8179,XF6D080,62,12,未锁定
8180,XF6D081,62,12,未锁定
8181,XF6D082,62,12,未锁定
8182,XF6D083,62,12,未锁定
8183,XF6D084,62,12,未锁定
8184,XF6D085,62,12,未锁定
8185,XF6D086,62,12,未锁定
8186,XF6D087,62,12,锁定
8187,XF6D088,62,12,锁定
8188,XF6D089,62,12,锁定
8189,XF6D090,62,12,锁定
8190,XF6D091,62,12,锁定
8191,XF6D092,62,12,锁定
8192,XF6D093,62,12,锁定
8193,XF6D094,62,12,锁定
8194,XF6D095,62,12,锁定
8195,XF6D096,62,12,锁定
8196,XF6D097,62,12,未锁定
8197,XF6D098,62,12,未锁定
8198,XF6D099,62,12,未锁定
8199,XF6D100,62,12,未锁定
8200,XF6D101,62,12,未锁定
8201,XF6D102,62,12,未锁定
8202,XF6D103,62,12,未锁定
8203,XF6D104,62,12,未锁定
8204,XF6D105,62,12,未锁定
8205,XF6D106,62,12,未锁定
8206,XF6D107,62,12,锁定
8207,XF6D108,62,12,锁定
8208,XF6D109,62,12,锁定
8209,XF6D110,62,12,锁定
8210,XF6D111,62,12,锁定
8211,XF6D112,62,12,锁定
8212,XF6D113,62,12,锁定
8213,XF6D114,62,12,锁定
8214,XF6D115,62,12,锁定
8215,XF6D116,62,12,锁定
8216,XF6D117,62,12,未锁定
8217,XF6D118,62,12,未锁定
8218,XF6D119,62,12,未锁定
8219,XF6D120,62,12,未锁定
8220,XF6D121,62,12,未锁定
8221,XF6D122,62,12,未锁定
8222,XF6D123,62,12,未锁定
8223,XF6D124,62,12,未锁定
8224,XF6D125,62,12,未锁定
8225,XF6D126,62,12,未锁定
8226,XF6D127,62,12,锁定
8227,XF6D128,62,12,锁定
8228,XF6D129,62,12,锁定
8229,XF6D130,62,12,锁定
8230,XF6D131,62,12,锁定
8231,XF6D132,62,12,锁定
8232,XF6D133,62,12,锁定
8233,XF6D134,62,12,锁定
8234,XF6D135,62,12,锁定
8235,XF6D136,62,12,锁定
9346,XF6F001,63,12,未锁定
9347,XF6F002,63,12,未锁定
9348,XF6F003,63,12,未锁定
9349,XF6F004,63,12,未锁定
9350,XF6F005,63,12,未锁定
9351,XF6F006,63,12,未锁定
9352,XF6F007,63,12,未锁定
9353,XF6F008,63,12,未锁定
9354,XF6F009,63,12,未锁定
9355,XF6F010,63,12,未锁定
8246,XF6E001,64,12,锁定
8247,XF6E002,64,12,锁定
8248,XF6E003,64,12,锁定
8249,XF6E004,64,12,锁定
8250,XF6E005,64,12,锁定
8251,XF6E006,64,12,锁定
8252,XF6E007,64,12,锁定
8253,XF6E008,64,12,锁定
8254,XF6E009,64,12,锁定
8255,XF6E010,64,12,锁定
8256,XF6E011,64,12,未锁定
8257,XF6E012,64,12,未锁定
8258,XF6E013,64,12,未锁定
8259,XF6E014,64,12,未锁定
8260,XF6E015,64,12,未锁定
8261,XF6E016,64,12,未锁定
8262,XF6E017,64,12,未锁定
8263,XF6E018,64,12,未锁定
8264,XF6E019,64,12,未锁定
8265,XF6E020,64,12,未锁定
8266,XF6E021,64,12,锁定
8267,XF6E022,64,12,锁定
8268,XF6E023,64,12,锁定
8269,XF6E024,64,12,锁定
8270,XF6E025,64,12,锁定
8271,XF6E026,64,12,锁定
8272,XF6E027,64,12,锁定
8273,XF6E028,64,12,锁定
8274,XF6E029,64,12,锁定
8275,XF6E030,64,12,锁定
8276,XF6E031,64,12,未锁定
8277,XF6E032,64,12,未锁定
8278,XF6E033,64,12,未锁定
8279,XF6E034,64,12,未锁定
8280,XF6E035,64,12,未锁定
8281,XF6E036,64,12,未锁定
8282,XF6E037,64,12,未锁定
8283,XF6E038,64,12,未锁定
8284,XF6E039,64,12,未锁定
8285,XF6E040,64,12,未锁定
8286,XF6E041,64,12,锁定
8287,XF6E042,64,12,锁定
8288,XF6E043,64,12,锁定
8289,XF6E044,64,12,锁定
8290,XF6E045,64,12,锁定
8291,XF6E046,64,12,锁定
8292,XF6E047,64,12,锁定
8293,XF6E048,64,12,锁定
8294,XF6E049,64,12,锁定
8295,XF6E050,64,12,锁定
8296,XF6E051,64,12,未锁定
8297,XF6E052,64,12,未锁定
8298,XF6E053,64,12,未锁定
8299,XF6E054,64,12,未锁定
8300,XF6E055,64,12,未锁定
8301,XF6E056,64,12,未锁定
8302,XF6E057,64,12,未锁定
8303,XF6E058,64,12,未锁定
8304,XF6E059,64,12,未锁定
8305,XF6E060,64,12,未锁定
8306,XF6E061,64,12,锁定
8307,XF6E062,64,12,锁定
8308,XF6E063,64,12,未锁定
8309,XF6E064,64,12,未锁定
8310,XF6E065,64,12,锁定
8311,XF6E066,64,12,锁定
8312,XF6E067,64,12,锁定
8313,XF6E068,64,12,锁定
8314,XF6E069,64,12,锁定
8315,XF6E070,64,12,锁定
8316,XF6E071,64,12,未锁定
8317,XF6E072,64,12,未锁定
8318,XF6E073,64,12,未锁定
8319,XF6E074,64,12,未锁定
8320,XF6E075,64,12,未锁定
8321,XF6E076,64,12,未锁定
8322,XF6E077,64,12,锁定
8323,XF6E078,64,12,锁定
8324,XF6E079,64,12,锁定
8325,XF6E080,64,12,锁定
8326,XF6E081,64,12,锁定
8327,XF6E082,64,12,锁定
8328,XF6E083,64,12,锁定
8329,XF6E084,64,12,锁定
8330,XF6E085,64,12,锁定
8331,XF6E086,64,12,锁定
8332,XF6E087,64,12,未锁定
8333,XF6E088,64,12,未锁定
8334,XF6E089,64,12,未锁定
8335,XF6E090,64,12,未锁定
8336,XF6E091,64,12,未锁定
8337,XF6E092,64,12,未锁定
8338,XF6E093,64,12,未锁定
8339,XF6E094,64,12,未锁定
8340,XF6E095,64,12,未锁定
8341,XF6E096,64,12,未锁定
8342,XF6E097,64,12,锁定
8343,XF6E098,64,12,锁定
8344,XF6E099,64,12,锁定
8345,XF6E100,64,12,锁定
8346,XF6E101,64,12,锁定
8347,XF6E102,64,12,锁定
8348,XF6E103,64,12,锁定
8349,XF6E104,64,12,锁定
8350,XF6E105,64,12,锁定
8351,XF6E106,64,12,锁定
8352,XF6E107,64,12,未锁定
8353,XF6E108,64,12,未锁定
8354,XF6E109,64,12,未锁定
8355,XF6E110,64,12,未锁定
8356,XF6E111,64,12,未锁定
8357,XF6E112,64,12,未锁定
8358,XF6E113,64,12,未锁定
8359,XF6E114,64,12,未锁定
8360,XF6E115,64,12,未锁定
8361,XF6E116,64,12,未锁定
8362,XF6E117,64,12,锁定
8363,XF6E118,64,12,锁定
8364,XF6E119,64,12,锁定
8365,XF6E120,64,12,锁定
8366,XF6E121,64,12,锁定
8367,XF6E122,64,12,锁定
8368,XF6E123,64,12,锁定
8369,XF6E124,64,12,锁定
8370,XF6E125,64,12,锁定
8371,XF6E126,64,12,锁定
8372,XF6E127,64,12,未锁定
8373,XF6E128,64,12,未锁定
8374,XF6E129,64,12,未锁定
8375,XF6E130,64,12,未锁定
8376,XF6E131,64,12,未锁定
8377,XF6E132,64,12,未锁定
8378,XF6E133,64,12,未锁定
8379,XF6E134,64,12,未锁定
8380,XF6E135,64,12,未锁定
8381,XF6E136,64,12,未锁定
9356,XF6A001,65,12,锁定
9357,XF6A002,65,12,锁定
9358,XF6A003,65,12,锁定
9359,XF6A004,65,12,锁定
9360,XF6A005,65,12,锁定
9361,XF6A006,65,12,锁定
9362,XF6A007,65,12,锁定
9363,XF6A008,65,12,锁定
9364,XF6A009,65,12,未锁定
9365,XF6A010,65,12,未锁定
9366,XF6A011,65,12,未锁定
9367,XF6A012,65,12,未锁定
9368,XF6A013,65,12,未锁定
9369,XF6A014,65,12,未锁定
9370,XF6A015,65,12,未锁定
9371,XF6A016,65,12,未锁定
9372,XF6A017,65,12,锁定
9373,XF6A018,65,12,锁定
9374,XF6A019,65,12,锁定
9375,XF6A020,65,12,锁定
9376,XF6A021,65,12,锁定
9377,XF6A022,65,12,锁定
9378,XF6A023,65,12,锁定
9379,XF6A024,65,12,锁定
9380,XF6A025,65,12,未锁定
9381,XF6A026,65,12,未锁定
9382,XF6A027,65,12,未锁定
9383,XF6A028,65,12,未锁定
9384,XF6A029,65,12,未锁定
9385,XF6A030,65,12,未锁定
9386,XF6A031,65,12,未锁定
9387,XF6A032,65,12,未锁定
9388,XF6A033,65,12,锁定
9389,XF6A034,65,12,锁定
9390,XF6A035,65,12,锁定
9391,XF6A036,65,12,锁定
9392,XF6A037,65,12,锁定
9393,XF6A038,65,12,锁定
9394,XF6A039,65,12,锁定
9395,XF6A040,65,12,锁定
9396,XF6A041,65,12,未锁定
9397,XF6A042,65,12,未锁定
9398,XF6A043,65,12,未锁定
9399,XF6A044,65,12,未锁定
9400,XF6A045,65,12,未锁定
9401,XF6A046,65,12,未锁定
9402,XF6A047,65,12,未锁定
9403,XF6A048,65,12,未锁定
9404,XF6A049,65,12,锁定
9405,XF6A050,65,12,锁定
9406,XF6A051,65,12,锁定
9407,XF6A052,65,12,锁定
9408,XF6A053,65,12,锁定
9409,XF6A054,65,12,锁定
9410,XF6A055,65,12,未锁定
9411,XF6A056,65,12,未锁定
9412,XF6A057,65,12,未锁定
9413,XF6A058,65,12,未锁定
9414,XF6A059,65,12,未锁定
9415,XF6A060,65,12,未锁定
9416,XF6A061,65,12,锁定
9417,XF6A062,65,12,锁定
9418,XF6A063,65,12,锁定
9419,XF6A064,65,12,锁定
9420,XF6A065,65,12,锁定
9421,XF6A066,65,12,锁定
9422,XF6A067,65,12,锁定
9423,XF6A068,65,12,锁定
9424,XF6A069,65,12,未锁定
9425,XF6A070,65,12,未锁定
9426,XF6A071,65,12,未锁定
9427,XF6A072,65,12,未锁定
9428,XF6A073,65,12,未锁定
9429,XF6A074,65,12,未锁定
9430,XF6A075,65,12,未锁定
9431,XF6A076,65,12,未锁定
9432,XF6A077,65,12,锁定
9433,XF6A078,65,12,锁定
9434,XF6A079,65,12,锁定
9435,XF6A080,65,12,锁定
9436,XF6A081,65,12,锁定
9437,XF6A082,65,12,锁定
9438,XF6A083,65,12,锁定
9439,XF6A084,65,12,锁定
9440,XF6A085,65,12,未锁定
9441,XF6A086,65,12,未锁定
9442,XF6A087,65,12,未锁定
9443,XF6A088,65,12,未锁定
9444,XF6A089,65,12,未锁定
9445,XF6A090,65,12,未锁定
9446,XF6A091,65,12,未锁定
9447,XF6A092,65,12,未锁定
9448,XF6A093,65,12,锁定
9449,XF6A094,65,12,锁定
9450,XF6A095,65,12,锁定
9451,XF6A096,65,12,锁定
9452,XF6A097,65,12,锁定
9453,XF6A098,65,12,锁定
9454,XF6A099,65,12,锁定
9455,XF6A100,65,12,锁定
9456,XF6A101,65,12,未锁定
9457,XF6A102,65,12,未锁定
9458,XF6A103,65,12,未锁定
9459,XF6A104,65,12,未锁定
9460,XF6A105,65,12,未锁定
9461,XF6A106,65,12,未锁定
9462,XF6A107,65,12,未锁定
9463,XF6A108,65,12,未锁定
9464,XF6A109,65,12,锁定
9465,XF6A110,65,12,锁定
9466,XF6A111,65,12,锁定
9467,XF6A112,65,12,锁定
9468,XF6A113,65,12,锁定
9469,XF6A114,65,12,锁定
9470,XF6A115,65,12,未锁定
9471,XF6A116,65,12,未锁定
9472,XF6A117,65,12,未锁定
9473,XF6A118,65,12,未锁定
9474,XF6A119,65,12,未锁定
9475,XF6A120,65,12,未锁定
9476,XF6A121,65,12,锁定
9477,XF6A122,65,12,锁定
9478,XF6A123,65,12,锁定
9479,XF6A124,65,12,锁定
9480,XF6A125,65,12,锁定
9481,XF6A126,65,12,锁定
9482,XF6A127,65,12,锁定
9483,XF6A128,65,12,锁定
9484,XF6A129,65,12,未锁定
9485,XF6A130,65,12,未锁定
9486,XF6A131,65,12,未锁定
9487,XF6A132,65,12,未锁定
9488,XF6A133,65,12,未锁定
9489,XF6A134,65,12,未锁定
9490,XF6A135,65,12,未锁定
9491,XF6A136,65,12,未锁定
9492,XF6A137,65,12,锁定
9493,XF6A138,65,12,锁定
9494,XF6A139,65,12,锁定
9495,XF6A140,65,12,锁定
9496,XF6A141,65,12,锁定
9497,XF6A142,65,12,锁定
9498,XF6A143,65,12,锁定
9499,XF6A144,65,12,锁定
9500,XF6A145,65,12,未锁定
9501,XF6A146,65,12,未锁定
9502,XF6A147,65,12,未锁定
9503,XF6A148,65,12,未锁定
9504,XF6A149,65,12,未锁定
9505,XF6A150,65,12,未锁定
9506,XF6A151,65,12,未锁定
9507,XF6A152,65,12,未锁定
9508,XF6A153,65,12,锁定
9509,XF6A154,65,12,锁定
9510,XF6A155,65,12,锁定
9511,XF6A156,65,12,锁定
9512,XF6A157,65,12,锁定
9513,XF6A158,65,12,锁定
9514,XF6A159,65,12,锁定
9515,XF6A160,65,12,锁定
9516,XF6A161,65,12,未锁定
9517,XF6A162,65,12,未锁定
9518,XF6A163,65,12,未锁定
9519,XF6A164,65,12,未锁定
9520,XF6A165,65,12,未锁定
9521,XF6A166,65,12,未锁定
9522,XF6A167,65,12,未锁定
9523,XF6A168,65,12,未锁定
8550,XF7B001,66,12,未锁定
8551,XF7B002,66,12,未锁定
8552,XF7B003,66,12,未锁定
8553,XF7B004,66,12,未锁定
8554,XF7B005,66,12,未锁定
8555,XF7B006,66,12,未锁定
8556,XF7B007,66,12,锁定
8557,XF7B008,66,12,锁定
8558,XF7B009,66,12,锁定
8559,XF7B010,66,12,锁定
8560,XF7B011,66,12,锁定
8561,XF7B012,66,12,锁定
8562,XF7B013,66,12,未锁定
8563,XF7B014,66,12,未锁定
8564,XF7B015,66,12,未锁定
8565,XF7B016,66,12,未锁定
8566,XF7B017,66,12,未锁定
8567,XF7B018,66,12,未锁定
8568,XF7B019,66,12,锁定
8569,XF7B020,66,12,锁定
8570,XF7B021,66,12,锁定
8571,XF7B022,66,12,锁定
8572,XF7B023,66,12,锁定
8573,XF7B024,66,12,锁定
8574,XF7B025,66,12,未锁定
8575,XF7B026,66,12,未锁定
8576,XF7B027,66,12,未锁定
8577,XF7B028,66,12,未锁定
8578,XF7B029,66,12,未锁定
8579,XF7B030,66,12,未锁定
8580,XF7B031,66,12,锁定
8581,XF7B032,66,12,锁定
8582,XF7B033,66,12,锁定
8583,XF7B034,66,12,锁定
8584,XF7B035,66,12,锁定
8585,XF7B036,66,12,锁定
8586,XF7B037,66,12,未锁定
8587,XF7B038,66,12,未锁定
8588,XF7B039,66,12,未锁定
8589,XF7B040,66,12,未锁定
8590,XF7B041,66,12,未锁定
8591,XF7B042,66,12,未锁定
8592,XF7B043,66,12,锁定
8593,XF7B044,66,12,锁定
8594,XF7B045,66,12,锁定
8595,XF7B046,66,12,锁定
8596,XF7B047,66,12,锁定
8597,XF7B048,66,12,锁定
8598,XF7B049,66,12,未锁定
8599,XF7B050,66,12,未锁定
8600,XF7B051,66,12,未锁定
8601,XF7B052,66,12,未锁定
8602,XF7B053,66,12,未锁定
8603,XF7B054,66,12,未锁定
8604,XF7B055,66,12,锁定
8605,XF7B056,66,12,锁定
8606,XF7B057,66,12,锁定
8607,XF7B058,66,12,锁定
8608,XF7B059,66,12,锁定
8609,XF7B060,66,12,锁定
8610,XF7B061,66,12,未锁定
8611,XF7B062,66,12,未锁定
8612,XF7B063,66,12,未锁定
8613,XF7B064,66,12,未锁定
8614,XF7B065,66,12,未锁定
8615,XF7B066,66,12,未锁定
8616,XF7B067,66,12,锁定
8617,XF7B068,66,12,锁定
8618,XF7B069,66,12,锁定
8619,XF7B070,66,12,锁定
8620,XF7B071,66,12,锁定
8621,XF7B072,66,12,锁定
8622,XF7C001,67,12,未锁定
8623,XF7C002,67,12,未锁定
8624,XF7C003,67,12,未锁定
8625,XF7C004,67,12,未锁定
8626,XF7C005,67,12,锁定
8627,XF7C006,67,12,锁定
8628,XF7C007,67,12,锁定
8629,XF7C008,67,12,锁定
8630,XF7C009,67,12,未锁定
8631,XF7C010,67,12,未锁定
8632,XF7C011,67,12,未锁定
8633,XF7C012,67,12,未锁定
8634,XF7C013,67,12,锁定
8635,XF7C014,67,12,锁定
8636,XF7C015,67,12,锁定
8637,XF7C016,67,12,锁定
8638,XF7C017,67,12,未锁定
8639,XF7C018,67,12,未锁定
8640,XF7C019,67,12,未锁定
8641,XF7C020,67,12,未锁定
8642,XF7C021,67,12,锁定
8643,XF7C022,67,12,锁定
8644,XF7C023,67,12,锁定
8645,XF7C024,67,12,锁定
8646,XF7C025,67,12,未锁定
8647,XF7C026,67,12,未锁定
8648,XF7C027,67,12,未锁定
8649,XF7C028,67,12,未锁定
8650,XF7C029,67,12,锁定
8651,XF7C030,67,12,锁定
8652,XF7C031,67,12,锁定
8653,XF7C032,67,12,锁定
8654,XF7D001,68,12,锁定
8655,XF7D002,68,12,锁定
8656,XF7D003,68,12,锁定
8657,XF7D004,68,12,锁定
8658,XF7D005,68,12,锁定
8659,XF7D006,68,12,锁定
8660,XF7D007,68,12,锁定
8661,XF7D008,68,12,锁定
8662,XF7D009,68,12,未锁定
8663,XF7D010,68,12,未锁定
8664,XF7D011,68,12,未锁定
8665,XF7D012,68,12,未锁定
8666,XF7D013,68,12,未锁定
8667,XF7D014,68,12,未锁定
8668,XF7D015,68,12,未锁定
8669,XF7D016,68,12,未锁定
8670,XF7D017,68,12,锁定
8671,XF7D018,68,12,锁定
8672,XF7D019,68,12,锁定
8673,XF7D020,68,12,锁定
8674,XF7D021,68,12,锁定
8675,XF7D022,68,12,锁定
8676,XF7D023,68,12,锁定
8677,XF7D024,68,12,锁定
8678,XF7D025,68,12,未锁定
8679,XF7D026,68,12,未锁定
8680,XF7D027,68,12,未锁定
8681,XF7D028,68,12,未锁定
8682,XF7D029,68,12,未锁定
8683,XF7D030,68,12,未锁定
8684,XF7D031,68,12,未锁定
8685,XF7D032,68,12,未锁定
8686,XF7D033,68,12,锁定
8687,XF7D034,68,12,锁定
8688,XF7D035,68,12,锁定
8689,XF7D036,68,12,锁定
8690,XF7D037,68,12,锁定
8691,XF7D038,68,12,锁定
8692,XF7D039,68,12,锁定
8693,XF7D040,68,12,锁定
8694,XF7D041,68,12,未锁定
8695,XF7D042,68,12,未锁定
8696,XF7D043,68,12,未锁定
8697,XF7D044,68,12,未锁定
8698,XF7D045,68,12,未锁定
8699,XF7D046,68,12,未锁定
8700,XF7D047,68,12,未锁定
8701,XF7D048,68,12,未锁定
8702,XF7D049,68,12,锁定
8703,XF7D050,68,12,锁定
8704,XF7D051,68,12,锁定
8705,XF7D052,68,12,锁定
8706,XF7D053,68,12,锁定
8707,XF7D054,68,12,锁定
8708,XF7D055,68,12,锁定
8709,XF7D056,68,12,锁定
8710,XF7D057,68,12,未锁定
8711,XF7D058,68,12,未锁定
8712,XF7D059,68,12,未锁定
8713,XF7D060,68,12,未锁定
8714,XF7D061,68,12,未锁定
8715,XF7D062,68,12,未锁定
8716,XF7D063,68,12,未锁定
8717,XF7D064,68,12,未锁定
8718,XF7D065,68,12,锁定
8719,XF7D066,68,12,锁定
8720,XF7D067,68,12,锁定
8721,XF7D068,68,12,锁定
8722,XF7D069,68,12,锁定
8723,XF7D070,68,12,锁定
8724,XF7D071,68,12,锁定
8725,XF7D072,68,12,锁定
8726,XF7D073,68,12,未锁定
8727,XF7D074,68,12,未锁定
8728,XF7D075,68,12,未锁定
8729,XF7D076,68,12,未锁定
8730,XF7D077,68,12,未锁定
8731,XF7D078,68,12,未锁定
8732,XF7D079,68,12,未锁定
8733,XF7D080,68,12,未锁定
8734,XF7D081,68,12,锁定
8735,XF7D082,68,12,锁定
8736,XF7D083,68,12,锁定
8737,XF7D084,68,12,锁定
8738,XF7D085,68,12,锁定
8739,XF7D086,68,12,锁定
8740,XF7D087,68,12,锁定
8741,XF7D088,68,12,锁定
8742,XF7D089,68,12,未锁定
8743,XF7D090,68,12,未锁定
8744,XF7D091,68,12,未锁定
8745,XF7D092,68,12,未锁定
8746,XF7D093,68,12,未锁定
8747,XF7D094,68,12,未锁定
8748,XF7D095,68,12,未锁定
8749,XF7D096,68,12,未锁定
8750,XF7D097,68,12,锁定
8751,XF7D098,68,12,锁定
8752,XF7D099,68,12,锁定
8753,XF7D100,68,12,锁定
8754,XF7D101,68,12,锁定
8755,XF7D102,68,12,锁定
8756,XF7D103,68,12,锁定
8757,XF7D104,68,12,锁定
8758,XF7D105,68,12,未锁定
8759,XF7D106,68,12,未锁定
8760,XF7D107,68,12,未锁定
8761,XF7D108,68,12,未锁定
8762,XF7D109,68,12,未锁定
8763,XF7D110,68,12,未锁定
8764,XF7D111,68,12,未锁定
8765,XF7D112,68,12,未锁定
8766,XF7F001,69,12,未锁定
8767,XF7F002,69,12,未锁定
8768,XF7F003,69,12,未锁定
8769,XF7F004,69,12,未锁定
8770,XF7F005,69,12,未锁定
8771,XF7F006,69,12,未锁定
8772,XF7F007,69,12,未锁定
8773,XF7F008,69,12,未锁定
8774,XF7A001,70,12,未锁定
8775,XF7A002,70,12,未锁定
8776,XF7A003,70,12,未锁定
8777,XF7A004,70,12,未锁定
8778,XF7A005,70,12,未锁定
8779,XF7A006,70,12,未锁定
8780,XF7A007,70,12,锁定
8781,XF7A008,70,12,锁定
8782,XF7A009,70,12,锁定
8783,XF7A010,70,12,锁定
8784,XF7A011,70,12,锁定
8785,XF7A012,70,12,锁定
8786,XF7A013,70,12,未锁定
8787,XF7A014,70,12,未锁定
8788,XF7A015,70,12,未锁定
8789,XF7A016,70,12,未锁定
8790,XF7A017,70,12,未锁定
8791,XF7A018,70,12,未锁定
8792,XF7A019,70,12,锁定
8793,XF7A020,70,12,锁定
8794,XF7A021,70,12,锁定
8795,XF7A022,70,12,锁定
8796,XF7A023,70,12,锁定
8797,XF7A024,70,12,锁定
8798,XF7A025,70,12,未锁定
8799,XF7A026,70,12,未锁定
8800,XF7A027,70,12,未锁定
8801,XF7A028,70,12,未锁定
8802,XF7A029,70,12,未锁定
8803,XF7A030,70,12,未锁定
8804,XF7A031,70,12,锁定
8805,XF7A032,70,12,锁定
8806,XF7A033,70,12,锁定
8807,XF7A034,70,12,锁定
8808,XF7A035,70,12,锁定
8809,XF7A036,70,12,锁定
8810,XF7A037,70,12,未锁定
8811,XF7A038,70,12,未锁定
8812,XF7A039,70,12,未锁定
8813,XF7A040,70,12,未锁定
8814,XF7A041,70,12,未锁定
8815,XF7A042,70,12,未锁定
8816,XF7A043,70,12,锁定
8817,XF7A044,70,12,锁定
8818,XF7A045,70,12,锁定
8819,XF7A046,70,12,锁定
8820,XF7A047,70,12,锁定
8821,XF7A048,70,12,锁定
8822,XF7A049,70,12,未锁定
8823,XF7A050,70,12,未锁定
8824,XF7A051,70,12,未锁定
8825,XF7A052,70,12,未锁定
8826,XF7A053,70,12,未锁定
8827,XF7A054,70,12,未锁定
8828,XF7A055,70,12,锁定
8829,XF7A056,70,12,锁定
8830,XF7A057,70,12,锁定
8831,XF7A058,70,12,锁定
8832,XF7A059,70,12,锁定
8833,XF7A060,70,12,锁定
8834,XF7A061,70,12,未锁定
8835,XF7A062,70,12,未锁定
8836,XF7A063,70,12,未锁定
8837,XF7A064,70,12,未锁定
8838,XF7A065,70,12,未锁定
8839,XF7A066,70,12,未锁定
8840,XF7A067,70,12,锁定
8841,XF7A068,70,12,锁定
8842,XF7A069,70,12,锁定
8843,XF7A070,70,12,锁定
8844,XF7A071,70,12,锁定
8845,XF7A072,70,12,锁定
8846,XF7A073,70,12,未锁定
8847,XF7A074,70,12,未锁定
8848,XF7A075,70,12,未锁定
8849,XF7A076,70,12,未锁定
8850,XF7A077,70,12,未锁定
8851,XF7A078,70,12,未锁定
8852,XF7A079,70,12,锁定
8853,XF7A080,70,12,锁定
8854,XF7A081,70,12,锁定
8855,XF7A082,70,12,锁定
8856,XF7A083,70,12,锁定
8857,XF7A084,70,12,锁定
8858,XF7A085,70,12,未锁定
8859,XF7A086,70,12,未锁定
8860,XF7A087,70,12,未锁定
8861,XF7A088,70,12,未锁定
8862,XF7A089,70,12,未锁定
8863,XF7A090,70,12,未锁定
8864,XF7A091,70,12,锁定
8865,XF7A092,70,12,锁定
8866,XF7A093,70,12,锁定
8867,XF7A094,70,12,锁定
8868,XF7A095,70,12,锁定
8869,XF7A096,70,12,锁定
8870,XF7A097,70,12,未锁定
8871,XF7A098,70,12,未锁定
8872,XF7A099,70,12,未锁定
8873,XF7A100,70,12,未锁定
8874,XF7A101,70,12,未锁定
8875,XF7A102,70,12,未锁定
8876,XF7A103,70,12,锁定
8877,XF7A104,70,12,锁定
8878,XF7A105,70,12,锁定
8879,XF7A106,70,12,锁定
8880,XF7A107,70,12,锁定
8881,XF7A108,70,12,锁定
8882,XF7A109,70,12,未锁定
8883,XF7A110,70,12,未锁定
8884,XF7A111,70,12,未锁定
8885,XF7A112,70,12,未锁定
8886,XF7A113,70,12,未锁定
8887,XF7A114,70,12,未锁定
8888,XF7A115,70,12,锁定
8889,XF7A116,70,12,锁定
8890,XF7A117,70,12,锁定
8891,XF7A118,70,12,锁定
8892,XF7A119,70,12,锁定
8893,XF7A120,70,12,锁定
